split,clase,archivo,ancho,alto,aspecto,modo,es_rgb
train,Black_rot,00905d40-bddf-460e-b348-1dbb6a34653b___FAM_B.Rot 0664.JPG,256,256,1.0,RGB,True
train,Black_rot,02a1df6c-97ec-41d4-b00c-9510741a39dc___FAM_B.Rot 0552.JPG,256,256,1.0,RGB,True
train,Black_rot,02c0e019-97c2-48f5-ac40-90b8789e6288___FAM_B.Rot 0753.JPG,256,256,1.0,RGB,True
train,Black_rot,03663632-d350-4f00-92f3-ca6ac2639b22___FAM_B.Rot 5102.JPG,256,256,1.0,RGB,True
train,Black_rot,0679fd57-9695-4627-9825-b0a55cdfa84b___FAM_B.Rot 0451.JPG,256,256,1.0,RGB,True
train,Black_rot,0abb363c-2365-4816-a6c4-ce4bac6ffc38___FAM_B.Rot 3122.JPG,256,256,1.0,RGB,True
train,Black_rot,0bfeae5e-878a-45ac-b62c-fbdfa9577874___FAM_B.Rot 0501.JPG,256,256,1.0,RGB,True
train,Black_rot,0e7726c0-a309-4194-b2e6-d0e33af39373___FAM_B.Rot 0530.JPG,256,256,1.0,RGB,True
train,Black_rot,1151f6a1-64a7-4f9b-84d4-39f1a22466bd___FAM_B.Rot 5028.JPG,256,256,1.0,RGB,True
train,Black_rot,12669996-08a8-4ed9-80fb-6f0e1fabca8a___FAM_B.Rot 0386.JPG,256,256,1.0,RGB,True
train,Black_rot,1a603016-c88a-4227-865f-575ddf5eddd2___FAM_B.Rot 0464.JPG,256,256,1.0,RGB,True
train,Black_rot,204c54ed-d895-4fb5-a2ba-4164ea1b19d3___FAM_B.Rot 3163.JPG,256,256,1.0,RGB,True
train,Black_rot,23e782fa-551e-4d96-9f22-bd64decad558___FAM_B.Rot 5068.JPG,256,256,1.0,RGB,True
train,Black_rot,2a0ee669-62f0-4f4a-8edc-c37e2bbe461d___FAM_B.Rot 3578.JPG,256,256,1.0,RGB,True
train,Black_rot,2b89af9b-90fc-406a-90af-7fbd25566267___FAM_B.Rot 3616.JPG,256,256,1.0,RGB,True
train,Black_rot,2e63e970-cfb6-4bcf-865b-7b3cdf3d51e0___FAM_B.Rot 3338.JPG,256,256,1.0,RGB,True
train,Black_rot,302b14ac-d6aa-43af-95a6-fb305454c6ab___FAM_B.Rot 0587.JPG,256,256,1.0,RGB,True
train,Black_rot,366a6137-fac0-4f9c-85e3-afc2da8a350f___FAM_B.Rot 3550.JPG,256,256,1.0,RGB,True
train,Black_rot,3cbdecf2-1139-457e-ae80-12a504806b78___FAM_B.Rot 3294.JPG,256,256,1.0,RGB,True
train,Black_rot,3e3a858c-ef05-44a2-9370-bb8bfe754a28___FAM_B.Rot 0595.JPG,256,256,1.0,RGB,True
train,Black_rot,3f82a8c0-b79d-48a1-971e-8ae69f34dc0e___FAM_B.Rot 3012.JPG,256,256,1.0,RGB,True
train,Black_rot,40240052-2bba-4ad4-acce-8641a309a5ac___FAM_B.Rot 0730.JPG,256,256,1.0,RGB,True
train,Black_rot,40a20631-ebe7-4249-bd54-33fb175faf0f___FAM_B.Rot 0442.JPG,256,256,1.0,RGB,True
train,Black_rot,42c34247-fd53-447e-935c-ccac6306cb71___FAM_B.Rot 0611.JPG,256,256,1.0,RGB,True
train,Black_rot,42e774fe-ff8e-4044-8dd5-5deedc64c991___FAM_B.Rot 3148.JPG,256,256,1.0,RGB,True
train,Black_rot,4316c1d4-def2-4b34-b4ee-b97c9dfae1f2___FAM_B.Rot 3583.JPG,256,256,1.0,RGB,True
train,Black_rot,4885eb16-083f-4132-afa8-8185eb86616a___FAM_B.Rot 3264.JPG,256,256,1.0,RGB,True
train,Black_rot,48b865b5-e7c6-45f1-994a-b2b1adc2cff5___FAM_B.Rot 3379.JPG,256,256,1.0,RGB,True
train,Black_rot,4b0efd47-1736-40e8-844f-077a0cf12294___FAM_B.Rot 5104.JPG,256,256,1.0,RGB,True
train,Black_rot,4ea5f522-3623-4ee9-9a13-4ea63404c500___FAM_B.Rot 5070.JPG,256,256,1.0,RGB,True
train,Black_rot,513c17f5-6161-4fca-975b-d8dca8912fdc___FAM_B.Rot 0591.JPG,256,256,1.0,RGB,True
train,Black_rot,54f5ead3-b7f1-4320-914f-9dc9652c705a___FAM_B.Rot 0419.JPG,256,256,1.0,RGB,True
train,Black_rot,5600cf30-20d3-4d78-8184-d8100f3d8b3b___FAM_B.Rot 3318.JPG,256,256,1.0,RGB,True
train,Black_rot,5797a5f5-8bcd-427c-adfb-95961804a98c___FAM_B.Rot 3493.JPG,256,256,1.0,RGB,True
train,Black_rot,582eaaed-9c7a-4f3d-a1e8-a8b79efb8175___FAM_B.Rot 3331.JPG,256,256,1.0,RGB,True
train,Black_rot,5e8d554a-6374-4d36-b389-a56cae97a9d7___FAM_B.Rot 3144.JPG,256,256,1.0,RGB,True
train,Black_rot,5fd7b9f6-6399-4d69-9fed-d9f380f1ac04___FAM_B.Rot 3077.JPG,256,256,1.0,RGB,True
train,Black_rot,5feef803-3c0a-4dd9-87dd-7705c42b105c___FAM_B.Rot 0642.JPG,256,256,1.0,RGB,True
train,Black_rot,615a2495-64c3-42c6-9388-c2569f0009b5___FAM_B.Rot 3582.JPG,256,256,1.0,RGB,True
train,Black_rot,623d6138-8f61-48b4-a724-8ca614740ca6___FAM_B.Rot 3167.JPG,256,256,1.0,RGB,True
train,Black_rot,671c5fce-9cae-430f-b798-d7ff4a859773___FAM_B.Rot 3125.JPG,256,256,1.0,RGB,True
train,Black_rot,67dccc3a-0d41-49ee-a4f8-70cc9428443c___FAM_B.Rot 3370.JPG,256,256,1.0,RGB,True
train,Black_rot,69471ae8-e051-4b67-9d66-2ce2cdc8256c___FAM_B.Rot 0453.JPG,256,256,1.0,RGB,True
train,Black_rot,6a7b59ac-9e36-4c8c-bbe5-3ab4bbfe7d26___FAM_B.Rot 0565.JPG,256,256,1.0,RGB,True
train,Black_rot,6b67fbeb-d3c7-4a48-a558-c2bd239690eb___FAM_B.Rot 3463.JPG,256,256,1.0,RGB,True
train,Black_rot,720c33de-fbcc-4170-8a06-c81ab8c030ec___FAM_B.Rot 3172.JPG,256,256,1.0,RGB,True
train,Black_rot,724ff461-8082-4783-82c4-581410f7f13b___FAM_B.Rot 0348.JPG,256,256,1.0,RGB,True
train,Black_rot,726f2717-235a-45cf-8a0b-ba76b5e54771___FAM_B.Rot 3217.JPG,256,256,1.0,RGB,True
train,Black_rot,754848b2-b26c-4935-aa25-3dc9a5627fb3___FAM_B.Rot 3418.JPG,256,256,1.0,RGB,True
train,Black_rot,7a4d0c96-378b-42d6-bb9f-649f75207d6b___FAM_B.Rot 3070.JPG,256,256,1.0,RGB,True
train,Black_rot,7a57ab26-9a62-403a-9f93-205a2513dcec___FAM_B.Rot 0693.JPG,256,256,1.0,RGB,True
train,Black_rot,7dbf6452-5732-4074-b567-1148f17c772c___FAM_B.Rot 3403.JPG,256,256,1.0,RGB,True
train,Black_rot,82f7d3a6-0f57-44bc-93b8-2191b9ae36c0___FAM_B.Rot 3513.JPG,256,256,1.0,RGB,True
train,Black_rot,83f3595c-a272-45b0-b972-56a9947cfe25___FAM_B.Rot 0511.JPG,256,256,1.0,RGB,True
train,Black_rot,89363770-e815-4dea-836e-969abbd0cb4c___FAM_B.Rot 0625.JPG,256,256,1.0,RGB,True
train,Black_rot,89db9e1c-2cb5-4ccd-b50a-f78dc007c380___FAM_B.Rot 3043.JPG,256,256,1.0,RGB,True
train,Black_rot,8ac447fe-062a-4a55-8891-776cc5c2cb61___FAM_B.Rot 0761.JPG,256,256,1.0,RGB,True
train,Black_rot,8bc229a3-e9bd-4691-a50f-d26cda2f06c2___FAM_B.Rot 0326.JPG,256,256,1.0,RGB,True
train,Black_rot,8eb4a448-b517-4039-b736-9f108157de73___FAM_B.Rot 3596.JPG,256,256,1.0,RGB,True
train,Black_rot,8f563bfe-f569-4b0c-b246-47bc290bc3f8___FAM_B.Rot 3035.JPG,256,256,1.0,RGB,True
train,Black_rot,901e836a-591f-4b64-876b-33c8be0fd856___FAM_B.Rot 3103.JPG,256,256,1.0,RGB,True
train,Black_rot,90ef5d0f-2546-415e-aef4-daf452fec1be___FAM_B.Rot 3387.JPG,256,256,1.0,RGB,True
train,Black_rot,91c76a12-447c-42f8-b0a8-33c4b9a2eb83___FAM_B.Rot 0600.JPG,256,256,1.0,RGB,True
train,Black_rot,9286be3b-f436-4bfa-856e-75a613a4f70e___FAM_B.Rot 5099.JPG,256,256,1.0,RGB,True
train,Black_rot,94ac3bae-ee72-4267-bd14-c111b5b65916___FAM_B.Rot 0685.JPG,256,256,1.0,RGB,True
train,Black_rot,991f845f-774d-4e60-adc8-56da2208acb0___FAM_B.Rot 3202.JPG,256,256,1.0,RGB,True
train,Black_rot,99627485-c979-4f79-9b4d-677196c70de9___FAM_B.Rot 3069.JPG,256,256,1.0,RGB,True
train,Black_rot,9a668952-936a-4d6e-8cda-31f4dcd95a6b___FAM_B.Rot 0458.JPG,256,256,1.0,RGB,True
train,Black_rot,9d4bbf00-5ef1-4bd1-b7bc-deb45d3deed8___FAM_B.Rot 0692.JPG,256,256,1.0,RGB,True
train,Black_rot,9d7b70dc-6454-46db-88a5-85cb61c56663___FAM_B.Rot 3095.JPG,256,256,1.0,RGB,True
train,Black_rot,9e03a638-fcf6-494b-859f-3beead48e8cd___FAM_B.Rot 0432.JPG,256,256,1.0,RGB,True
train,Black_rot,9ee25c88-0ba1-4bdf-9015-0428dd82032b___FAM_B.Rot 3042.JPG,256,256,1.0,RGB,True
train,Black_rot,a15de63e-7c9d-4171-bc7f-8399249ed247___FAM_B.Rot 3090.JPG,256,256,1.0,RGB,True
train,Black_rot,a8297426-4f59-4df0-94e0-c41cbaa63383___FAM_B.Rot 3302.JPG,256,256,1.0,RGB,True
train,Black_rot,a960711d-3829-4ef9-bd50-b75ed07b81ac___FAM_B.Rot 0722.JPG,256,256,1.0,RGB,True
train,Black_rot,aacfa124-e30f-491c-91df-d51f2ff78a00___FAM_B.Rot 0562.JPG,256,256,1.0,RGB,True
train,Black_rot,aede1b98-1f1a-484c-b14e-e4309f11d991___FAM_B.Rot 3039.JPG,256,256,1.0,RGB,True
train,Black_rot,b055115b-4eb8-4126-9db9-94d48b97fa30___FAM_B.Rot 3620.JPG,256,256,1.0,RGB,True
train,Black_rot,b1b9ce3a-712c-467f-9326-7130a271dc3f___FAM_B.Rot 3093.JPG,256,256,1.0,RGB,True
train,Black_rot,b303a2a2-8c2a-4b70-9517-e932835b6016___FAM_B.Rot 3136.JPG,256,256,1.0,RGB,True
train,Black_rot,b3d0643a-3432-4aca-ad64-aeedb1b9aba5___FAM_B.Rot 0491.JPG,256,256,1.0,RGB,True
train,Black_rot,b3d9a27f-6758-493c-9db1-3476f4726d0b___FAM_B.Rot 0359.JPG,256,256,1.0,RGB,True
train,Black_rot,b49400ba-0592-4b81-9f22-c1b6b96e6222___FAM_B.Rot 3405.JPG,256,256,1.0,RGB,True
train,Black_rot,b49f6eaa-9503-4f6e-9aa7-fd2bb607b865___FAM_B.Rot 3034.JPG,256,256,1.0,RGB,True
train,Black_rot,b4fd2102-5491-437b-a8f2-2a6e431565b1___FAM_B.Rot 0467.JPG,256,256,1.0,RGB,True
train,Black_rot,b58797d0-57a2-4e49-a3fc-7924366faaf8___FAM_B.Rot 3004.JPG,256,256,1.0,RGB,True
train,Black_rot,b601108c-5427-48f6-b968-8be988eb41d3___FAM_B.Rot 3350.JPG,256,256,1.0,RGB,True
train,Black_rot,bca43508-6643-40ec-bf51-01c1a5de3e56___FAM_B.Rot 3608.JPG,256,256,1.0,RGB,True
train,Black_rot,bd4b74cd-a367-441c-9a27-89c0a93e60cb___FAM_B.Rot 0460.JPG,256,256,1.0,RGB,True
train,Black_rot,c0b21ae3-56a7-4586-9fd4-2007864315bf___FAM_B.Rot 3622.JPG,256,256,1.0,RGB,True
train,Black_rot,c2abe7eb-9fd8-43a7-8447-0a0290cbe4f7___FAM_B.Rot 0609.JPG,256,256,1.0,RGB,True
train,Black_rot,c2c50cb0-e553-432d-8a51-71daf24d5332___FAM_B.Rot 0735.JPG,256,256,1.0,RGB,True
train,Black_rot,c433030c-75eb-465e-9d1d-b6da53552459___FAM_B.Rot 3146.JPG,256,256,1.0,RGB,True
train,Black_rot,c618186d-b175-4760-b1c1-5de6fbd45d53___FAM_B.Rot 3397.JPG,256,256,1.0,RGB,True
train,Black_rot,c79bb29a-8909-45b3-a008-450713d93b59___FAM_B.Rot 0723.JPG,256,256,1.0,RGB,True
train,Black_rot,ce36ca23-3907-4d87-abf7-ed79a8714865___FAM_B.Rot 3080.JPG,256,256,1.0,RGB,True
train,Black_rot,cf5a818a-e917-472c-b162-e6d5a6c791dd___FAM_B.Rot 5040.JPG,256,256,1.0,RGB,True
train,Black_rot,d05f4253-0a89-4ced-979c-cedd9d464971___FAM_B.Rot 3236.JPG,256,256,1.0,RGB,True
train,Black_rot,d14d9d41-e190-45ed-88a9-0a553197ec1b___FAM_B.Rot 0731.JPG,256,256,1.0,RGB,True
train,Black_rot,d2cee44c-31ac-4a08-8ade-c4746bcf084d___FAM_B.Rot 3112.JPG,256,256,1.0,RGB,True
train,Black_rot,d5222a7a-9aca-4c0e-9a62-061bfb9dbdd8___FAM_B.Rot 3501.JPG,256,256,1.0,RGB,True
train,Black_rot,d52dcf94-9f7f-4cb1-9f92-d8e258ee4ba1___FAM_B.Rot 0682.JPG,256,256,1.0,RGB,True
train,Black_rot,d87304a3-073d-4f06-838d-7ea029bbcffd___FAM_B.Rot 3589.JPG,256,256,1.0,RGB,True
train,Black_rot,dc6779a0-61e0-4821-901a-ac0e73b12288___FAM_B.Rot 3291.JPG,256,256,1.0,RGB,True
train,Black_rot,ddf456b0-86f5-4e5d-a23b-8dee67fcfcfb___FAM_B.Rot 3234.JPG,256,256,1.0,RGB,True
train,Black_rot,de5b642b-8598-4827-b9bd-b528fa031b96___FAM_B.Rot 3499.JPG,256,256,1.0,RGB,True
train,Black_rot,e09bbce3-c5ad-404d-82c9-206ceaa40a24___FAM_B.Rot 0519.JPG,256,256,1.0,RGB,True
train,Black_rot,e2ba53f3-404c-442e-88e6-5a72b9a180e6___FAM_B.Rot 3452.JPG,256,256,1.0,RGB,True
train,Black_rot,e4276ce3-ffbc-4203-9b52-cc75d6a6b8df___FAM_B.Rot 3115.JPG,256,256,1.0,RGB,True
train,Black_rot,e433b682-23e6-4618-8bdf-94e198c22858___FAM_B.Rot 3348.JPG,256,256,1.0,RGB,True
train,Black_rot,e4f1a701-09ae-4e97-ba92-f5a56862df4f___FAM_B.Rot 3509.JPG,256,256,1.0,RGB,True
train,Black_rot,e5a94b14-42bf-44d5-b104-15409d892708___FAM_B.Rot 3502.JPG,256,256,1.0,RGB,True
train,Black_rot,e751fc65-f484-4022-9ea8-a4199a8cc67a___FAM_B.Rot 3432.JPG,256,256,1.0,RGB,True
train,Black_rot,e784c098-9310-4be2-8c69-cfb42254186e___FAM_B.Rot 3295.JPG,256,256,1.0,RGB,True
train,Black_rot,ed40b1ed-928e-4435-b192-8c7b68e1349e___FAM_B.Rot 3131.JPG,256,256,1.0,RGB,True
train,Black_rot,eecc50cc-1d2e-4ff9-a202-98b7dae629a2___FAM_B.Rot 5041.JPG,256,256,1.0,RGB,True
train,Black_rot,efe1eba2-52c3-4399-a851-3095e4d1e86a___FAM_B.Rot 0633.JPG,256,256,1.0,RGB,True
train,Black_rot,f0c35665-e6f4-4b35-affe-df70d10206b9___FAM_B.Rot 3612.JPG,256,256,1.0,RGB,True
train,Black_rot,f23737c8-26a7-4b16-b25b-85ba58c4a986___FAM_B.Rot 0598.JPG,256,256,1.0,RGB,True
train,Black_rot,f8402e0f-bdd9-4be0-8187-cf854f8a486f___FAM_B.Rot 2994.JPG,256,256,1.0,RGB,True
train,Esca,0075b632-2e34-4e4f-9697-fe2b332b7ef8___FAM_B.Msls 4399.JPG,256,256,1.0,RGB,True
train,Esca,00c247e8-48d2-4a56-a9f3-4eacfb4d85be___FAM_B.Msls 4197.JPG,256,256,1.0,RGB,True
train,Esca,01162551-b800-4df8-ac46-64d17d6ac5bf___FAM_B.Msls 1153.JPG,256,256,1.0,RGB,True
train,Esca,01c74b8d-1113-47c0-86a3-6ceea27853c0___FAM_B.Msls 4113.JPG,256,256,1.0,RGB,True
train,Esca,023df989-ab4c-4f66-a6c8-a41c1142ab7d___FAM_B.Msls 1834.JPG,256,256,1.0,RGB,True
train,Esca,04f61deb-4a81-4527-8cb2-f656957595ce___FAM_B.Msls 1218.JPG,256,256,1.0,RGB,True
train,Esca,069123c0-8f04-499e-a2ac-687e24b099f4___FAM_B.Msls 3917.JPG,256,256,1.0,RGB,True
train,Esca,0753c4a8-1037-4fc2-8f5d-d442fc7c6b95___FAM_B.Msls 4085.JPG,256,256,1.0,RGB,True
train,Esca,07d611f9-f24f-49ff-a026-912617834d87___FAM_B.Msls 1069.JPG,256,256,1.0,RGB,True
train,Esca,0ac1749b-6c4a-4a60-92d4-f4e957cfa4b4___FAM_B.Msls 0887.JPG,256,256,1.0,RGB,True
train,Esca,0b924439-fc64-42d3-9bf3-74a593a30b2b___FAM_B.Msls 3873.JPG,256,256,1.0,RGB,True
train,Esca,0cca45be-2eef-4629-b515-0c78ce5119d1___FAM_B.Msls 4283.JPG,256,256,1.0,RGB,True
train,Esca,125b2ab2-473d-4b42-adc5-f0619bf48b91___FAM_B.Msls 1256.JPG,256,256,1.0,RGB,True
train,Esca,13d50b9c-69f2-40cd-bb93-22d36593191e___FAM_B.Msls 3906.JPG,256,256,1.0,RGB,True
train,Esca,15a57336-a8a5-464d-bb8a-14de39dcb809___FAM_B.Msls 1092.JPG,256,256,1.0,RGB,True
train,Esca,15d50f9e-ddb0-423e-9591-58d86e7f3530___FAM_B.Msls 3988.JPG,256,256,1.0,RGB,True
train,Esca,17566750-1381-4ab9-987c-d945ef653a36___FAM_B.Msls 3903.JPG,256,256,1.0,RGB,True
train,Esca,17bbe5a7-4475-407f-9ab4-05145197acdb___FAM_B.Msls 4414.JPG,256,256,1.0,RGB,True
train,Esca,1a40fd85-7ac0-4f48-9acc-c12664544683___FAM_B.Msls 1748.JPG,256,256,1.0,RGB,True
train,Esca,1a450cce-95a7-4b1e-a641-95b4d50a1acc___FAM_B.Msls 1747.JPG,256,256,1.0,RGB,True
train,Esca,1e2d5b85-9d5c-4799-8030-1e3d6bebbfe9___FAM_B.Msls 3874.JPG,256,256,1.0,RGB,True
train,Esca,1f772cab-21e1-4458-95fb-6f17e0961d9f___FAM_B.Msls 4141.JPG,256,256,1.0,RGB,True
train,Esca,1fa8564c-87f3-421d-aaf8-bfa276a29ab5___FAM_B.Msls 4166.JPG,256,256,1.0,RGB,True
train,Esca,217b815b-6f1f-414e-9e05-eb235dbb1efb___FAM_B.Msls 3818.JPG,256,256,1.0,RGB,True
train,Esca,21800966-33fe-49a2-9756-28aa00aec362___FAM_B.Msls 1838.JPG,256,256,1.0,RGB,True
train,Esca,24c03e78-b6d2-4c3a-a666-d93b3bc5d494___FAM_B.Msls 4325.JPG,256,256,1.0,RGB,True
train,Esca,27f497cf-1032-44ae-b3d8-40fd6fd9ab4d___FAM_B.Msls 3956.JPG,256,256,1.0,RGB,True
train,Esca,28cbd838-ab4c-4f3c-b78f-1dd064d0482b___FAM_B.Msls 4010.JPG,256,256,1.0,RGB,True
train,Esca,2e183dc3-809a-42c9-90ea-4a4275245e4a___FAM_B.Msls 1732.JPG,256,256,1.0,RGB,True
train,Esca,31bd4f43-7895-46af-bead-3da25e5d650d___FAM_B.Msls 4459.JPG,256,256,1.0,RGB,True
train,Esca,3288cfd7-1989-4154-89ba-d20eba66a9d5___FAM_B.Msls 4004.JPG,256,256,1.0,RGB,True
train,Esca,337aedbd-4df6-472e-ac88-705559c11aaa___FAM_B.Msls 1101.JPG,256,256,1.0,RGB,True
train,Esca,37c03ad3-b659-4dd3-a402-68e4d9e64201___FAM_B.Msls 1008.JPG,256,256,1.0,RGB,True
train,Esca,37cd82db-7b14-4691-a96b-3b94fdd24689___FAM_B.Msls 3983.JPG,256,256,1.0,RGB,True
train,Esca,39fe5f50-7e91-4af9-a843-7a13f2bc734e___FAM_B.Msls 0898.JPG,256,256,1.0,RGB,True
train,Esca,3c4c6822-92f2-44cf-b1bc-503ec376213d___FAM_B.Msls 4385.JPG,256,256,1.0,RGB,True
train,Esca,3d12dd3a-9ab4-461e-b2c6-643c132caf79___FAM_B.Msls 1159.JPG,256,256,1.0,RGB,True
train,Esca,4195b3c5-8c11-40f4-b4d5-20b1b26b59ad___FAM_B.Msls 1056.JPG,256,256,1.0,RGB,True
train,Esca,4351e75f-c2c2-44db-8757-05d8f96985b1___FAM_B.Msls 4444.JPG,256,256,1.0,RGB,True
train,Esca,45aa086c-c779-4c24-ae5c-648ded1572ee___FAM_B.Msls 4132.JPG,256,256,1.0,RGB,True
train,Esca,47274876-8fe2-4ad8-8e5d-08e3b96ac5d0___FAM_B.Msls 1341.JPG,256,256,1.0,RGB,True
train,Esca,47bc993a-d7e0-4323-b04d-297d6a003bd2___FAM_B.Msls 3877.JPG,256,256,1.0,RGB,True
train,Esca,4a5a155b-7cb5-4f7e-be10-3a6e1f3d6957___FAM_B.Msls 3978.JPG,256,256,1.0,RGB,True
train,Esca,4bb7b4c2-5ce8-484c-9983-4a4f296a85f9___FAM_B.Msls 4100.JPG,256,256,1.0,RGB,True
train,Esca,4ccf1271-5da7-4951-88d2-c1d2edd3cd41___FAM_B.Msls 1804.JPG,256,256,1.0,RGB,True
train,Esca,4f6d1e14-84da-46f8-bb02-1c509f49fec4___FAM_B.Msls 4443.JPG,256,256,1.0,RGB,True
train,Esca,524266ea-5c83-4de4-8e36-f98293427349___FAM_B.Msls 1112.JPG,256,256,1.0,RGB,True
train,Esca,54ddb212-334c-4465-a5cb-b01a9450d6fa___FAM_B.Msls 1075.JPG,256,256,1.0,RGB,True
train,Esca,5715769e-6b32-44ab-82e3-5e3e90f1e584___FAM_B.Msls 1054.JPG,256,256,1.0,RGB,True
train,Esca,58fc7167-055e-456d-bd41-23c26fbfac25___FAM_B.Msls 0996.JPG,256,256,1.0,RGB,True
train,Esca,5d1043ef-6d7c-4c8f-9d5b-bfb5b776c828___FAM_B.Msls 0832.JPG,256,256,1.0,RGB,True
train,Esca,6523a2d2-c464-47ba-8e3e-277174a61e97___FAM_B.Msls 3820.JPG,256,256,1.0,RGB,True
train,Esca,655e8fd1-09e5-41f7-9c95-15fcd370e096___FAM_B.Msls 4405.JPG,256,256,1.0,RGB,True
train,Esca,6b1e1a32-2f18-4ba7-b88e-387271b2e10a___FAM_B.Msls 1775.JPG,256,256,1.0,RGB,True
train,Esca,6fc41899-ac41-4b98-bd05-442236692fa2___FAM_B.Msls 1787.JPG,256,256,1.0,RGB,True
train,Esca,70a7588f-c1df-46c9-83b0-9fee68570f71___FAM_B.Msls 0844.JPG,256,256,1.0,RGB,True
train,Esca,745e8ab5-e315-4357-9145-eec7c2fcf641___FAM_B.Msls 4176.JPG,256,256,1.0,RGB,True
train,Esca,7c0dddf1-a3ae-4c4d-9ff5-53b615c7cbd6___FAM_B.Msls 4370.JPG,256,256,1.0,RGB,True
train,Esca,7cb3bf54-c8d5-499d-852f-c3d76d36309a___FAM_B.Msls 4198.JPG,256,256,1.0,RGB,True
train,Esca,7e4cf44f-02ec-4812-9afa-b19f45add835___FAM_B.Msls 4422.JPG,256,256,1.0,RGB,True
train,Esca,7e8d88f1-a360-455f-ba55-046a8881d648___FAM_B.Msls 1111.JPG,256,256,1.0,RGB,True
train,Esca,7f79ffe2-6ec7-4fed-bdd0-e9d509fe73fc___FAM_B.Msls 4493.JPG,256,256,1.0,RGB,True
train,Esca,82be01ff-9e82-428c-b623-95df7ed11f77___FAM_B.Msls 1880.JPG,256,256,1.0,RGB,True
train,Esca,83c10b54-4e46-44a8-a28b-6e4aae71d6fc___FAM_B.Msls 4259.JPG,256,256,1.0,RGB,True
train,Esca,865e5fbb-cfb8-47e2-b879-74467379a261___FAM_B.Msls 3896.JPG,256,256,1.0,RGB,True
train,Esca,88521b5a-1f1a-4214-8286-aed4483b11c9___FAM_B.Msls 4011.JPG,256,256,1.0,RGB,True
train,Esca,8a8426e9-ab65-4815-bfeb-c9fb18b1d4ca___FAM_B.Msls 1315.JPG,256,256,1.0,RGB,True
train,Esca,8ed5d525-2478-4d10-8606-65a33ea9ef20___FAM_B.Msls 4429.JPG,256,256,1.0,RGB,True
train,Esca,93350074-f658-4f5b-a002-aaa7add9425f___FAM_B.Msls 4155.JPG,256,256,1.0,RGB,True
train,Esca,9404e9ad-c9f5-408b-89af-bbc903940d32___FAM_B.Msls 1776.JPG,256,256,1.0,RGB,True
train,Esca,95c0301c-ad1b-4264-b331-d62c2820fc87___FAM_B.Msls 1165.JPG,256,256,1.0,RGB,True
train,Esca,95ca0aa1-4fc4-4fbd-a8ad-c45015034704___FAM_B.Msls 4314.JPG,256,256,1.0,RGB,True
train,Esca,97646a5b-7d5d-4b24-9da4-1d00a0961174___FAM_B.Msls 1030.JPG,256,256,1.0,RGB,True
train,Esca,99564e0c-86a3-4477-a7bc-35fe0ba7bf02___FAM_B.Msls 4329.JPG,256,256,1.0,RGB,True
train,Esca,9c34300b-7772-491b-b99e-4b6f1a99ed5d___FAM_B.Msls 4037.JPG,256,256,1.0,RGB,True
train,Esca,a15b25f3-d3d8-47cf-9d61-d34aa8032c96___FAM_B.Msls 1734.JPG,256,256,1.0,RGB,True
train,Esca,a75e0225-d002-4491-a20b-437970b49e19___FAM_B.Msls 1157.JPG,256,256,1.0,RGB,True
train,Esca,aa1db1a9-86ec-4107-9d40-9ae12e52798e___FAM_B.Msls 1353.JPG,256,256,1.0,RGB,True
train,Esca,aa799fdf-9751-4272-afee-3c50acb78054___FAM_B.Msls 4062.JPG,256,256,1.0,RGB,True
train,Esca,b150d3bf-0f76-4cb3-b6f5-461a9671b896___FAM_B.Msls 1238.JPG,256,256,1.0,RGB,True
train,Esca,b4783ca9-6f90-4616-8b2f-61b2afb68fc0___FAM_B.Msls 1851.JPG,256,256,1.0,RGB,True
train,Esca,ba2b24ba-0752-415c-bb3e-0faa772c267c___FAM_B.Msls 4168.JPG,256,256,1.0,RGB,True
train,Esca,bd43f935-acbc-4880-b05f-bbb0eaa1cafb___FAM_B.Msls 4223.JPG,256,256,1.0,RGB,True
train,Esca,bf2388b6-08d4-43c5-afb4-2a16a335cda5___FAM_B.Msls 0946.JPG,256,256,1.0,RGB,True
train,Esca,bf994355-935f-4a31-b212-b927038e6862___FAM_B.Msls 4484.JPG,256,256,1.0,RGB,True
train,Esca,c024492e-2030-483b-a672-721ff5661ada___FAM_B.Msls 4423.JPG,256,256,1.0,RGB,True
train,Esca,c04596b5-7f61-42bf-8f52-61f72492c936___FAM_B.Msls 4279.JPG,256,256,1.0,RGB,True
train,Esca,c0752c2c-b32e-4103-b0d7-6b68b91d319e___FAM_B.Msls 4020.JPG,256,256,1.0,RGB,True
train,Esca,c0b12076-e186-40ce-b438-05506d37590e___FAM_B.Msls 1770.JPG,256,256,1.0,RGB,True
train,Esca,c51e7bdf-f7b7-47dd-9469-3e994c780449___FAM_B.Msls 4039.JPG,256,256,1.0,RGB,True
train,Esca,c72be1b7-3f07-4094-981b-b465fe2d1b7c___FAM_B.Msls 4171.JPG,256,256,1.0,RGB,True
train,Esca,c835f9f9-7ae9-4eaf-a9c2-7ecc511d68a7___FAM_B.Msls 1002.JPG,256,256,1.0,RGB,True
train,Esca,cb89454d-f03c-424a-a006-b8049c685f86___FAM_B.Msls 0999.JPG,256,256,1.0,RGB,True
train,Esca,cc173e43-d13a-47aa-bb59-d4724d09e816___FAM_B.Msls 1842.JPG,256,256,1.0,RGB,True
train,Esca,cc898918-5ac5-4ee4-9278-c8aaa7c821e4___FAM_B.Msls 4413.JPG,256,256,1.0,RGB,True
train,Esca,cfb8bc8a-aa2e-4e56-a858-3c02cd20ff36___FAM_B.Msls 4269.JPG,256,256,1.0,RGB,True
train,Esca,d1c14c9d-d5d7-466d-9b86-d7603b981c08___FAM_B.Msls 4123.JPG,256,256,1.0,RGB,True
train,Esca,d207a1c7-2680-4684-8334-73e67346ee68___FAM_B.Msls 4495.JPG,256,256,1.0,RGB,True
train,Esca,d2902ff2-bb18-45cc-8391-5a9850df7aed___FAM_B.Msls 3845.JPG,256,256,1.0,RGB,True
train,Esca,d35a873e-fa01-4c28-9140-f46a37ef1e59___FAM_B.Msls 0895.JPG,256,256,1.0,RGB,True
train,Esca,d4a705a5-9e57-4994-a9ce-9d1d9fe4b4f4___FAM_B.Msls 4286.JPG,256,256,1.0,RGB,True
train,Esca,db1f571b-c607-41b4-a629-4b71e07dc6be___FAM_B.Msls 1242.JPG,256,256,1.0,RGB,True
train,Esca,dc132c1f-a60f-4f57-a7f2-a9f05541d382___FAM_B.Msls 3837.JPG,256,256,1.0,RGB,True
train,Esca,df75bc32-3794-4a39-992e-d4840e5b8a72___FAM_B.Msls 1322.JPG,256,256,1.0,RGB,True
train,Esca,e40604ba-8f26-4960-b893-d4498f4fbf2e___FAM_B.Msls 1250.JPG,256,256,1.0,RGB,True
train,Esca,e4852b88-474d-45a0-af73-54443db119f3___FAM_B.Msls 3883.JPG,256,256,1.0,RGB,True
train,Esca,e819b6eb-4b0d-4dee-bd8b-e0d2fcc3ee0e___FAM_B.Msls 4330.JPG,256,256,1.0,RGB,True
train,Esca,e9dec9be-76c0-4a5b-a0a3-31686adc849a___FAM_B.Msls 4462.JPG,256,256,1.0,RGB,True
train,Esca,eb133421-a122-45a6-94e5-db9ab9ea416c___FAM_B.Msls 1855.JPG,256,256,1.0,RGB,True
train,Esca,ecbdc4dc-ee26-45d0-b1fb-144e8e8d998c___FAM_B.Msls 4404.JPG,256,256,1.0,RGB,True
train,Esca,edb0ff9e-80c1-4e03-901d-9549726afdc9___FAM_B.Msls 0875.JPG,256,256,1.0,RGB,True
train,Esca,f05eb083-7d59-40e6-9426-f06d428e81ab___FAM_B.Msls 1832.JPG,256,256,1.0,RGB,True
train,Esca,f13208de-4dd0-4e5d-916d-1ffd7548927a___FAM_B.Msls 4246.JPG,256,256,1.0,RGB,True
train,Esca,f161a964-b3a9-45d7-a9b7-124dc3224438___FAM_B.Msls 4084.JPG,256,256,1.0,RGB,True
train,Esca,f68b4819-a7d1-4a58-b19d-f13d8884f6be___FAM_B.Msls 1160.JPG,256,256,1.0,RGB,True
train,Esca,f70cfa32-2743-4026-81dd-d27ccf5ab155___FAM_B.Msls 0822.JPG,256,256,1.0,RGB,True
train,Esca,f9298d68-f616-499b-8612-b1b8d0289253___FAM_B.Msls 0995.JPG,256,256,1.0,RGB,True
train,Esca,f984be4f-df55-45c3-be37-87cd371efc52___FAM_B.Msls 0989.JPG,256,256,1.0,RGB,True
train,Esca,fa2e8e6f-48d8-4717-9f61-89f5e60667e7___FAM_B.Msls 0967.JPG,256,256,1.0,RGB,True
train,Esca,faafa665-4a00-4716-b654-1422fe3fc341___FAM_B.Msls 4295.JPG,256,256,1.0,RGB,True
train,Healthy,00e00912-bf75-4cf8-8b7d-ad64b73bea5f___Mt.N.V_HL 6067.JPG,256,256,1.0,RGB,True
train,Healthy,0294ca65-4c29-44be-af28-501df9f715e8___Mt.N.V_HL 6176.JPG,256,256,1.0,RGB,True
train,Healthy,03492a0d-6ad7-42ec-a742-c2f1fa59499a___Mt.N.V_HL 6035.JPG,256,256,1.0,RGB,True
train,Healthy,04991ee7-b17c-420f-90ff-230d4e59361a___Mt.N.V_HL 9055.JPG,256,256,1.0,RGB,True
train,Healthy,05cff9d7-0f63-4b6e-9aa3-199cf9ffa64c___Mt.N.V_HL 9111.JPG,256,256,1.0,RGB,True
train,Healthy,0708190e-d6a1-4186-8428-1cd816419bfd___Mt.N.V_HL 9017.JPG,256,256,1.0,RGB,True
train,Healthy,0e599f33-3a12-462e-adc1-b47a0d1fc6d8___Mt.N.V_HL 9126.JPG,256,256,1.0,RGB,True
train,Healthy,0f8906e9-86e1-49f8-aea0-3e887924799d___Mt.N.V_HL 9012.JPG,256,256,1.0,RGB,True
train,Healthy,0f8bcc89-f990-43b2-88c1-65cdbe9f0882___Mt.N.V_HL 6094.JPG,256,256,1.0,RGB,True
train,Healthy,120e3a97-f879-4047-8811-077c723cb069___Mt.N.V_HL 9058.JPG,256,256,1.0,RGB,True
train,Healthy,14d473e9-7495-41fb-857a-b21d014950fb___Mt.N.V_HL 8997.JPG,256,256,1.0,RGB,True
train,Healthy,15fc132f-e222-4eda-bc5c-32e49def3eaa___Mt.N.V_HL 9090.JPG,256,256,1.0,RGB,True
train,Healthy,1725a647-0866-45be-bd9f-e5add660c340___Mt.N.V_HL 9083.JPG,256,256,1.0,RGB,True
train,Healthy,1773d4a6-5c0e-4597-9b1e-34574195b19b___Mt.N.V_HL 8993.JPG,256,256,1.0,RGB,True
train,Healthy,18830d61-997d-438c-bd24-4dd427a45c4d___Mt.N.V_HL 6123.JPG,256,256,1.0,RGB,True
train,Healthy,198fbad6-0192-4263-96c8-74c330667d61___Mt.N.V_HL 9032.JPG,256,256,1.0,RGB,True
train,Healthy,244804b5-05e2-4372-a376-36a0655aff41___Mt.N.V_HL 6121.JPG,256,256,1.0,RGB,True
train,Healthy,2483db02-a7f8-4a09-8bd0-76dfcd130671___Mt.N.V_HL 6111.JPG,256,256,1.0,RGB,True
train,Healthy,27359eed-7a85-47ff-b9e8-923a8db20169___Mt.N.V_HL 6083.JPG,256,256,1.0,RGB,True
train,Healthy,29ffbe00-4f75-496b-8bb5-dc1be1eb73b3___Mt.N.V_HL 8956.JPG,256,256,1.0,RGB,True
train,Healthy,2dd116dc-661a-45dd-9c22-8729914ac0dd___Mt.N.V_HL 6047.JPG,256,256,1.0,RGB,True
train,Healthy,30ef1555-5cbf-4516-a2ee-aa2f43343810___Mt.N.V_HL 9120.JPG,256,256,1.0,RGB,True
train,Healthy,31a167ba-d110-4fd4-ba34-f9afd27d0f21___Mt.N.V_HL 6140.JPG,256,256,1.0,RGB,True
train,Healthy,3442eaa8-390e-43c1-8dca-ac98e552ce75___Mt.N.V_HL 6045.JPG,256,256,1.0,RGB,True
train,Healthy,34b24f32-ff07-4f68-bdf4-ef5b4c6d4720___Mt.N.V_HL 6060.JPG,256,256,1.0,RGB,True
train,Healthy,37730143-a639-46a3-b6a5-e1385e8ae4a4___Mt.N.V_HL 9049.JPG,256,256,1.0,RGB,True
train,Healthy,389058a6-634c-4cdb-a17c-8385b36dacd9___Mt.N.V_HL 6030.JPG,256,256,1.0,RGB,True
train,Healthy,393e4626-fd31-45aa-a67d-bb71837332ee___Mt.N.V_HL 9130.JPG,256,256,1.0,RGB,True
train,Healthy,3a5b41ae-5cda-4d2f-9243-f3dc82a8dfbc___Mt.N.V_HL 9060.JPG,256,256,1.0,RGB,True
train,Healthy,3d4723f3-7abf-4f74-adf2-7313e64c8c09___Mt.N.V_HL 6162.JPG,256,256,1.0,RGB,True
train,Healthy,3de46830-0f75-4e2b-bb64-e09b13f4f578___Mt.N.V_HL 6145.JPG,256,256,1.0,RGB,True
train,Healthy,4035c446-454c-4873-9b74-18f7ea951f78___Mt.N.V_HL 9091.JPG,256,256,1.0,RGB,True
train,Healthy,452823c1-22d2-4bce-a4cc-8ad014421261___Mt.N.V_HL 6199.JPG,256,256,1.0,RGB,True
train,Healthy,4b472308-dde6-41b2-943e-707eb5b4b050___Mt.N.V_HL 8942.JPG,256,256,1.0,RGB,True
train,Healthy,4c6ad9f3-43b4-4d79-b17a-1707e42ddef5___Mt.N.V_HL 8968.JPG,256,256,1.0,RGB,True
train,Healthy,4dd8290b-03c6-4c67-972a-357c3de6e7cc___Mt.N.V_HL 6036.JPG,256,256,1.0,RGB,True
train,Healthy,4e7ca108-2631-452b-83bb-be0a7b32d98f___Mt.N.V_HL 6063.JPG,256,256,1.0,RGB,True
train,Healthy,5008dd5a-42f8-4df5-820a-c46d8532895a___Mt.N.V_HL 9015.JPG,256,256,1.0,RGB,True
train,Healthy,508d0cc9-05ef-488a-aa84-1f28073954d4___Mt.N.V_HL 6163.JPG,256,256,1.0,RGB,True
train,Healthy,51665d49-a91d-4790-a705-425d3bd9e62a___Mt.N.V_HL 6172.JPG,256,256,1.0,RGB,True
train,Healthy,56eda055-bb22-4adf-b829-549c03804b9d___Mt.N.V_HL 6155.JPG,256,256,1.0,RGB,True
train,Healthy,5a726e51-407a-4a85-a671-65a82d275fda___Mt.N.V_HL 8961.JPG,256,256,1.0,RGB,True
train,Healthy,5b2c9b7e-4f3a-4850-bd70-35230df9c794___Mt.N.V_HL 8933.JPG,256,256,1.0,RGB,True
train,Healthy,5cc2dfde-d849-4500-9a6d-16bfd876cf0c___Mt.N.V_HL 6127.JPG,256,256,1.0,RGB,True
train,Healthy,5d03624b-61fe-4764-944e-c2a347e99889___Mt.N.V_HL 6192.JPG,256,256,1.0,RGB,True
train,Healthy,5dcbb418-66cf-4ee2-87ae-1de6c0608180___Mt.N.V_HL 6034.JPG,256,256,1.0,RGB,True
train,Healthy,5e8fe4a1-4b7c-44d6-bee6-2a97360a09f1___Mt.N.V_HL 9044.JPG,256,256,1.0,RGB,True
train,Healthy,61c91bc6-ac97-4427-9691-f2015b1c0453___Mt.N.V_HL 9076.JPG,256,256,1.0,RGB,True
train,Healthy,629195e5-85c1-444f-bd02-0fb635586d8e___Mt.N.V_HL 6079.JPG,256,256,1.0,RGB,True
train,Healthy,632553f4-7a29-4724-88ff-fbdbfbbc8168___Mt.N.V_HL 6069.JPG,256,256,1.0,RGB,True
train,Healthy,66b4364e-f8c7-4358-96e4-1d8012830b40___Mt.N.V_HL 6087.JPG,256,256,1.0,RGB,True
train,Healthy,6a7d3970-2321-4e95-84ce-8ba310d9a65d___Mt.N.V_HL 6066.JPG,256,256,1.0,RGB,True
train,Healthy,6b4ec55f-3013-49fd-b08a-6d25c71565a0___Mt.N.V_HL 6153.JPG,256,256,1.0,RGB,True
train,Healthy,6c83cc71-8d08-4568-8dc5-5a30c653c564___Mt.N.V_HL 9003.JPG,256,256,1.0,RGB,True
train,Healthy,6d08f78b-51f3-4aae-9bb0-a575fc1bd76b___Mt.N.V_HL 9110.JPG,256,256,1.0,RGB,True
train,Healthy,6f771370-1fb8-440e-a23f-4e0f29dbd65b___Mt.N.V_HL 6150.JPG,256,256,1.0,RGB,True
train,Healthy,72cd93bf-63f6-476a-b3ae-43af2006c9f2___Mt.N.V_HL 6132.JPG,256,256,1.0,RGB,True
train,Healthy,7330e0f7-bc32-4297-95e6-a92c0cee1050___Mt.N.V_HL 6131.JPG,256,256,1.0,RGB,True
train,Healthy,73391930-644d-4cee-89cc-cb9c6adf1b4c___Mt.N.V_HL 9036.JPG,256,256,1.0,RGB,True
train,Healthy,75ad9d58-7f7e-4a4c-8ced-fec8d23d9a7e___Mt.N.V_HL 6170.JPG,256,256,1.0,RGB,True
train,Healthy,75f1babe-5d93-4a37-9878-8d3846054ed7___Mt.N.V_HL 9030.JPG,256,256,1.0,RGB,True
train,Healthy,781d2be9-b340-47ee-a21d-05f34b319e5f___Mt.N.V_HL 6021.JPG,256,256,1.0,RGB,True
train,Healthy,79ffc83e-aaf8-4706-9e30-da5e0f5b69f3___Mt.N.V_HL 6194.JPG,256,256,1.0,RGB,True
train,Healthy,7a492b18-c905-4e49-b703-931e2b19ca84___Mt.N.V_HL 8989.JPG,256,256,1.0,RGB,True
train,Healthy,7d75ec5d-6b46-4017-85f6-0d559a349e9f___Mt.N.V_HL 9104.JPG,256,256,1.0,RGB,True
train,Healthy,85c128f1-a36e-4345-835d-1668fe2d7467___Mt.N.V_HL 9018.JPG,256,256,1.0,RGB,True
train,Healthy,87c9d8e2-3009-4e40-9db4-8fe35ab76599___Mt.N.V_HL 6058.JPG,256,256,1.0,RGB,True
train,Healthy,8f2cf5e7-ee7e-4a6e-84d2-5ac4bdb2e33f___Mt.N.V_HL 6099.JPG,256,256,1.0,RGB,True
train,Healthy,8f838b46-d591-4247-bf64-982e45e1a699___Mt.N.V_HL 8952.JPG,256,256,1.0,RGB,True
train,Healthy,8fc498ea-cad4-48cd-9fea-af07f803a63b___Mt.N.V_HL 6198.JPG,256,256,1.0,RGB,True
train,Healthy,9268b279-6e48-45ec-98b9-58475d9466e8___Mt.N.V_HL 9132.JPG,256,256,1.0,RGB,True
train,Healthy,92fbe3df-dc85-4e06-8109-3a14f5109b29___Mt.N.V_HL 6173.JPG,256,256,1.0,RGB,True
train,Healthy,93f13053-88c2-4e0e-af52-b8057795b060___Mt.N.V_HL 8955.JPG,256,256,1.0,RGB,True
train,Healthy,9466c0cc-2ae1-429e-b07e-eb75b94b2cf9___Mt.N.V_HL 9080.JPG,256,256,1.0,RGB,True
train,Healthy,954cafbf-1b60-4806-bb67-b51799ed369e___Mt.N.V_HL 6090.JPG,256,256,1.0,RGB,True
train,Healthy,9858eca1-78cb-4c9c-9286-ff52a27d7c2f___Mt.N.V_HL 9037.JPG,256,256,1.0,RGB,True
train,Healthy,9ac144cb-3abc-404d-a796-bd7904277da5___Mt.N.V_HL 6105.JPG,256,256,1.0,RGB,True
train,Healthy,9b7e7b6c-30c1-418b-84f8-710420c2c296___Mt.N.V_HL 8934.JPG,256,256,1.0,RGB,True
train,Healthy,9c9ae952-4031-4fb0-9f79-fc9272a7a1fa___Mt.N.V_HL 6141.JPG,256,256,1.0,RGB,True
train,Healthy,9ceba66a-d7b0-4ed4-98c3-37d361517a90___Mt.N.V_HL 6147.JPG,256,256,1.0,RGB,True
train,Healthy,9dcbfa01-f415-4792-87d8-d790d771e272___Mt.N.V_HL 8943.JPG,256,256,1.0,RGB,True
train,Healthy,a5f23bc2-240d-4db0-8998-43a2cf2a0752___Mt.N.V_HL 6166.JPG,256,256,1.0,RGB,True
train,Healthy,a6868cab-63b1-4c6e-978a-136cef8181ab___Mt.N.V_HL 6109.JPG,256,256,1.0,RGB,True
train,Healthy,a889fb1b-e7cb-4026-a42e-a09558e00ca8___Mt.N.V_HL 9020.JPG,256,256,1.0,RGB,True
train,Healthy,abf00723-a8e1-41e9-9fa6-0c73be7d0854___Mt.N.V_HL 6208.JPG,256,256,1.0,RGB,True
train,Healthy,ac6f22f2-1bdf-4bb3-8710-dd964a9f343a___Mt.N.V_HL 8913.JPG,256,256,1.0,RGB,True
train,Healthy,acfa3deb-4d93-4afa-bbfb-94ac8e442545___Mt.N.V_HL 9119.JPG,256,256,1.0,RGB,True
train,Healthy,adb53928-3906-45ec-a017-025fba3c775b___Mt.N.V_HL 6184.JPG,256,256,1.0,RGB,True
train,Healthy,b16eb75f-59e3-42f6-9ec1-747503223c6c___Mt.N.V_HL 6039.JPG,256,256,1.0,RGB,True
train,Healthy,b2de09b2-4c5d-4be5-a06f-27419db0f696___Mt.N.V_HL 6097.JPG,256,256,1.0,RGB,True
train,Healthy,b53106de-9795-4c49-ab42-6aac4ff9c886___Mt.N.V_HL 6157.JPG,256,256,1.0,RGB,True
train,Healthy,b57b3a18-da12-4b34-b0a7-6b2dfe58871f___Mt.N.V_HL 6065.JPG,256,256,1.0,RGB,True
train,Healthy,b67328d6-9735-4220-83a6-3b3568162527___Mt.N.V_HL 6169.JPG,256,256,1.0,RGB,True
train,Healthy,bcbb4e29-0986-425c-af3a-bb7be3736548___Mt.N.V_HL 6020.JPG,256,256,1.0,RGB,True
train,Healthy,bdc235ee-4947-46d3-aecf-3bb9274bb914___Mt.N.V_HL 8929.JPG,256,256,1.0,RGB,True
train,Healthy,bfeeb99b-946a-4edb-b59e-445d682d891d___Mt.N.V_HL 6061.JPG,256,256,1.0,RGB,True
train,Healthy,c0f3b55f-8078-4e91-aba7-9a187eec61d0___Mt.N.V_HL 8987.JPG,256,256,1.0,RGB,True
train,Healthy,c839e134-6692-4065-8e12-7ea01adcc794___Mt.N.V_HL 9014.JPG,256,256,1.0,RGB,True
train,Healthy,ca090e78-ff31-4715-82eb-b63e20b0e156___Mt.N.V_HL 9081.JPG,256,256,1.0,RGB,True
train,Healthy,ca7cf312-1d36-4e41-b29f-b9879b7519f1___Mt.N.V_HL 9100.JPG,256,256,1.0,RGB,True
train,Healthy,cdbc019a-ed10-492d-9ce5-9bfa1f7f2f72___Mt.N.V_HL 9021.JPG,256,256,1.0,RGB,True
train,Healthy,d36e68e3-09bf-4249-96cc-d806c55bfeed___Mt.N.V_HL 9048.JPG,256,256,1.0,RGB,True
train,Healthy,d65f0f9e-17ba-4c65-844a-e3f71f569af7___Mt.N.V_HL 9031.JPG,256,256,1.0,RGB,True
train,Healthy,d966ee8e-abdc-4841-94a5-ae1bed9da16c___Mt.N.V_HL 9094.JPG,256,256,1.0,RGB,True
train,Healthy,da331356-edd4-4803-9347-412929330c11___Mt.N.V_HL 6142.JPG,256,256,1.0,RGB,True
train,Healthy,dc94bb19-48ca-47d7-87ad-98cf5ec46aad___Mt.N.V_HL 6181.JPG,256,256,1.0,RGB,True
train,Healthy,dcd949b9-297d-40aa-b4dd-7f347a599d4c___Mt.N.V_HL 6057.JPG,256,256,1.0,RGB,True
train,Healthy,dcf0b467-3d86-49b9-991e-00f5b82465c7___Mt.N.V_HL 8935.JPG,256,256,1.0,RGB,True
train,Healthy,e17f9151-51a0-417d-a7c6-9ad9a2cce0d9___Mt.N.V_HL 9053.JPG,256,256,1.0,RGB,True
train,Healthy,e51ee2ab-a7f5-4558-83e3-7bf6d0364c63___Mt.N.V_HL 6064.JPG,256,256,1.0,RGB,True
train,Healthy,e949f6bb-cda7-4824-9a97-67337fc164a5___Mt.N.V_HL 6156.JPG,256,256,1.0,RGB,True
train,Healthy,f229b33f-2257-49a7-a135-17d0ef3ca46b___Mt.N.V_HL 6033.JPG,256,256,1.0,RGB,True
train,Healthy,f8bb34c3-13a4-4762-a16d-79ec49823e3e___Mt.N.V_HL 8911.JPG,256,256,1.0,RGB,True
train,Healthy,fa55ec79-9e54-4cb7-a926-658fb7afe4d6___Mt.N.V_HL 9056.JPG,256,256,1.0,RGB,True
train,Healthy,fa8cd79e-82e1-4dda-9a82-6ce207f2b557___Mt.N.V_HL 9097.JPG,256,256,1.0,RGB,True
train,Healthy,fce60e82-c31e-4040-ba92-8dde8410e93f___Mt.N.V_HL 8991.JPG,256,256,1.0,RGB,True
train,Healthy,fdf4cdd9-cb41-42de-a73e-87301576fade___Mt.N.V_HL 9000.JPG,256,256,1.0,RGB,True
train,Healthy,feb2cf1a-1903-4fb8-bc99-4b399346fef0___Mt.N.V_HL 6135.JPG,256,256,1.0,RGB,True
train,Healthy,fefb8922-dcb4-4dbf-8777-237ad9a99c40___Mt.N.V_HL 6085.JPG,256,256,1.0,RGB,True
train,Healthy,ff99a93a-ec9b-4a6d-a5e1-1a015cada478___Mt.N.V_HL 9057.JPG,256,256,1.0,RGB,True
train,Leaf_blight,039b45b1-015d-4f76-b393-140903468476___FAM_L.Blight 3713.JPG,256,256,1.0,RGB,True
train,Leaf_blight,04416a29-13a7-49a0-9ab3-f2725ca7b671___FAM_L.Blight 1481.JPG,256,256,1.0,RGB,True
train,Leaf_blight,0b267a2e-c32d-47cd-8494-efc12a326493___FAM_L.Blight 0815.JPG,256,256,1.0,RGB,True
train,Leaf_blight,0c41f5f0-b120-406b-89d3-556fba338d39___FAM_L.Blight 4528.JPG,256,256,1.0,RGB,True
train,Leaf_blight,0feed390-3065-47dc-881b-a9beb29ff312___FAM_L.Blight 1663.JPG,256,256,1.0,RGB,True
train,Leaf_blight,119f836d-93b0-4eca-8b86-4c3374072c26___FAM_L.Blight 1672.JPG,256,256,1.0,RGB,True
train,Leaf_blight,1350ee76-d3e0-4460-9dae-1468f52f05d6___FAM_L.Blight 0807.JPG,256,256,1.0,RGB,True
train,Leaf_blight,15aa16b2-7bcb-40b6-938e-be72cb6a9eb0___FAM_L.Blight 4662.JPG,256,256,1.0,RGB,True
train,Leaf_blight,184758ec-c84f-413e-904d-265cec1cdb32___FAM_L.Blight 4942.JPG,256,256,1.0,RGB,True
train,Leaf_blight,18d62932-85ee-43f3-a061-645d73873c6e___FAM_L.Blight 1606.JPG,256,256,1.0,RGB,True
train,Leaf_blight,1965c763-66fe-4900-b78d-9adb83185d9e___FAM_L.Blight 3652.JPG,256,256,1.0,RGB,True
train,Leaf_blight,1c8c7594-e176-45ea-82cc-921a6b5ac0b5___FAM_L.Blight 3678.JPG,256,256,1.0,RGB,True
train,Leaf_blight,2314ed1d-b09e-444c-9cb6-350128203850___FAM_L.Blight 4852.JPG,256,256,1.0,RGB,True
train,Leaf_blight,27864945-3c63-4d6a-9419-e99c14de3486___FAM_L.Blight 3638.JPG,256,256,1.0,RGB,True
train,Leaf_blight,279579b1-c5b0-4c92-8036-b48b80290d29___FAM_L.Blight 1648.JPG,256,256,1.0,RGB,True
train,Leaf_blight,27e65f9d-3d4f-41e3-ab13-218efd033b6c___FAM_L.Blight 1660.JPG,256,256,1.0,RGB,True
train,Leaf_blight,28053016-02de-4e13-ade3-e6d8b9a22eb3___FAM_L.Blight 3640.JPG,256,256,1.0,RGB,True
train,Leaf_blight,289f758c-b609-4e31-a1f4-c97620497279___FAM_L.Blight 0794.JPG,256,256,1.0,RGB,True
train,Leaf_blight,290fc735-ee93-4ce3-83cf-a04670ddb6b0___FAM_L.Blight 4563.JPG,256,256,1.0,RGB,True
train,Leaf_blight,2a5fe5e3-2acd-4e11-8071-fd4504452cb7___FAM_L.Blight 1385.JPG,256,256,1.0,RGB,True
train,Leaf_blight,2c135c30-428c-4ca3-a86f-5aa1b8e32aa9___FAM_L.Blight 1573.JPG,256,256,1.0,RGB,True
train,Leaf_blight,30d1cb77-b59b-4aa9-a5b1-45c22fe35304___FAM_L.Blight 4613.JPG,256,256,1.0,RGB,True
train,Leaf_blight,30e9a1c8-35be-4d02-8a19-661804b201cd___FAM_L.Blight 3665.JPG,256,256,1.0,RGB,True
train,Leaf_blight,33cbe98e-821b-4567-8f98-dc6316f97633___FAM_L.Blight 3781.JPG,256,256,1.0,RGB,True
train,Leaf_blight,346d230c-e9fe-44fa-91ae-2decf603b632___FAM_L.Blight 1448.JPG,256,256,1.0,RGB,True
train,Leaf_blight,375a9558-432c-4bdd-90b2-96a1d533f93d___FAM_L.Blight 0771.JPG,256,256,1.0,RGB,True
train,Leaf_blight,3811882d-86ff-4273-b036-4a3d7a9d502a___FAM_L.Blight 4944.JPG,256,256,1.0,RGB,True
train,Leaf_blight,3911cc5f-6168-475b-a4e3-bb903abc633a___FAM_L.Blight 4607.JPG,256,256,1.0,RGB,True
train,Leaf_blight,3b069a0a-572e-4ea8-b43b-092eca68a263___FAM_L.Blight 4957.JPG,256,256,1.0,RGB,True
train,Leaf_blight,3ddda3cd-d7c3-436d-aecc-11f6d6aeee39___FAM_L.Blight 1711.JPG,256,256,1.0,RGB,True
train,Leaf_blight,3ec62eb5-098e-4b3b-987a-16e31c4d84ab___FAM_L.Blight 3642.JPG,256,256,1.0,RGB,True
train,Leaf_blight,404837ba-e7ff-4fde-933b-b9a3a0f20c98___FAM_L.Blight 4914.JPG,256,256,1.0,RGB,True
train,Leaf_blight,436b24e0-651a-4e5c-81a2-a1ad5f0157c5___FAM_L.Blight 3728.JPG,256,256,1.0,RGB,True
train,Leaf_blight,496717b3-b411-4bb8-a5ae-94f881c0f210___FAM_L.Blight 1669.JPG,256,256,1.0,RGB,True
train,Leaf_blight,4ba82cbc-912c-438c-ad90-de34fa13953b___FAM_L.Blight 3699.JPG,256,256,1.0,RGB,True
train,Leaf_blight,4c58cb6e-2da7-4d21-a61e-ec54110f72ad___FAM_L.Blight 1689.JPG,256,256,1.0,RGB,True
train,Leaf_blight,4cd25f42-7cda-4507-a1bd-a03b5f439ef5___FAM_L.Blight 4566.JPG,256,256,1.0,RGB,True
train,Leaf_blight,4f8f850f-225e-4f66-ac47-ecb430bd4b4a___FAM_L.Blight 4672.JPG,256,256,1.0,RGB,True
train,Leaf_blight,51cc008a-87e2-4a1f-8656-afa1a9c20d0d___FAM_L.Blight 1659.JPG,256,256,1.0,RGB,True
train,Leaf_blight,539458f6-ffb0-40e3-8586-b85a662774bf___FAM_L.Blight 4707.JPG,256,256,1.0,RGB,True
train,Leaf_blight,53c2a8ee-e5b7-4101-b1bd-de9494257564___FAM_L.Blight 3727.JPG,256,256,1.0,RGB,True
train,Leaf_blight,541f3b53-c19f-4226-858b-614bc11c9749___FAM_L.Blight 4916.JPG,256,256,1.0,RGB,True
train,Leaf_blight,558106fb-2755-4fe0-8bd4-d09f431bfbe1___FAM_L.Blight 1375.JPG,256,256,1.0,RGB,True
train,Leaf_blight,561e86ba-07ce-439f-9331-a9fa614925db___FAM_L.Blight 4879.JPG,256,256,1.0,RGB,True
train,Leaf_blight,57dd87f8-d86b-44d5-9fe4-fa809e983834___FAM_L.Blight 1684.JPG,256,256,1.0,RGB,True
train,Leaf_blight,59844fea-12bc-40e6-8cfd-bbce5d87a982___FAM_L.Blight 4772.JPG,256,256,1.0,RGB,True
train,Leaf_blight,598bae53-ccaf-478c-b593-e96b6c0591fd___FAM_L.Blight 1570.JPG,256,256,1.0,RGB,True
train,Leaf_blight,5cbd0712-c049-45a1-83ca-f4ff93f45e17___FAM_L.Blight 3683.JPG,256,256,1.0,RGB,True
train,Leaf_blight,5ec9c3cc-63e6-49da-ad80-7360bb484a1a___FAM_L.Blight 4828.JPG,256,256,1.0,RGB,True
train,Leaf_blight,61d026f1-22fc-4aa1-b102-7d438b9bcab0___FAM_L.Blight 1699.JPG,256,256,1.0,RGB,True
train,Leaf_blight,626ad08f-81e7-4ae4-8e4a-7b71f16adee9___FAM_L.Blight 4543.JPG,256,256,1.0,RGB,True
train,Leaf_blight,64aa7350-c272-4d31-949c-0730597341be___FAM_L.Blight 1541.JPG,256,256,1.0,RGB,True
train,Leaf_blight,653f5793-c2ba-4e10-91a1-c1eb22791868___FAM_L.Blight 3634.JPG,256,256,1.0,RGB,True
train,Leaf_blight,65a918cd-495a-4c1c-88be-cff9d081ca1b___FAM_L.Blight 4680.JPG,256,256,1.0,RGB,True
train,Leaf_blight,66611e37-7ab9-4b37-a6b2-57ac36024b78___FAM_L.Blight 4968.JPG,256,256,1.0,RGB,True
train,Leaf_blight,6a258371-37e3-439d-a416-2d1e461364ba___FAM_L.Blight 4737.JPG,256,256,1.0,RGB,True
train,Leaf_blight,6defbeb4-aa90-4660-a319-37c91e1648ef___FAM_L.Blight 4793.JPG,256,256,1.0,RGB,True
train,Leaf_blight,71119c61-edcb-4e12-93ca-4e10ab0c42c7___FAM_L.Blight 1562.JPG,256,256,1.0,RGB,True
train,Leaf_blight,784fb0b2-fbc1-4258-985e-0d3e74b87bb1___FAM_L.Blight 1521.JPG,256,256,1.0,RGB,True
train,Leaf_blight,793613df-550e-4ad9-9389-d9b8b4752703___FAM_L.Blight 4980.JPG,256,256,1.0,RGB,True
train,Leaf_blight,79e11dc4-9014-4fa7-bf38-ecd0acf31e68___FAM_L.Blight 1579.JPG,256,256,1.0,RGB,True
train,Leaf_blight,7cf30c73-6418-4458-9463-b4afadfd0e1c___FAM_L.Blight 4842.JPG,256,256,1.0,RGB,True
train,Leaf_blight,7e857a92-2206-4532-8bb1-2c8a248a8fb8___FAM_L.Blight 4829.JPG,256,256,1.0,RGB,True
train,Leaf_blight,7eab8fd8-b4f4-408d-9c62-718d0b24fa8a___FAM_L.Blight 1452.JPG,256,256,1.0,RGB,True
train,Leaf_blight,825e3cdc-940e-41c6-bbbd-cd62bf61a542___FAM_L.Blight 3763.JPG,256,256,1.0,RGB,True
train,Leaf_blight,8b3d8940-4f99-46d8-bc55-14136e392b7e___FAM_L.Blight 4883.JPG,256,256,1.0,RGB,True
train,Leaf_blight,8bb44bd5-52f7-416d-98bf-f95ec6ca4d99___FAM_L.Blight 1581.JPG,256,256,1.0,RGB,True
train,Leaf_blight,8ef47bf0-a5e6-417b-aeee-8258c743b892___FAM_L.Blight 4938.JPG,256,256,1.0,RGB,True
train,Leaf_blight,8f1e9cf4-1383-45ef-9c75-514e77d6b2e3___FAM_L.Blight 1469.JPG,256,256,1.0,RGB,True
train,Leaf_blight,908d5ac6-7403-4047-aa13-a4c4f83ce1bc___FAM_L.Blight 1619.JPG,256,256,1.0,RGB,True
train,Leaf_blight,9e1db5b1-9d02-4e74-8dd9-f03bad2bddcb___FAM_L.Blight 4773.JPG,256,256,1.0,RGB,True
train,Leaf_blight,9f99acf9-3036-43fc-b473-20593a38ce87___FAM_L.Blight 4771.JPG,256,256,1.0,RGB,True
train,Leaf_blight,9f9b5052-ee1a-4e93-b14f-c4bb127fc6c6___FAM_L.Blight 4623.JPG,256,256,1.0,RGB,True
train,Leaf_blight,9fc3318a-5678-4428-902d-8c9e9e821d24___FAM_L.Blight 0798.JPG,256,256,1.0,RGB,True
train,Leaf_blight,a44fb00c-04e5-43d2-9c5c-79ac6b092412___FAM_L.Blight 1492.JPG,256,256,1.0,RGB,True
train,Leaf_blight,a77906c9-3b5d-4612-bbd7-0ce3f223882c___FAM_L.Blight 4876.JPG,256,256,1.0,RGB,True
train,Leaf_blight,a8decd07-d7a5-44c5-9ba2-c357b70ad322___FAM_L.Blight 4924.JPG,256,256,1.0,RGB,True
train,Leaf_blight,b09f9ac9-8817-4ea0-9e92-4ba6ac12ec09___FAM_L.Blight 1639.JPG,256,256,1.0,RGB,True
train,Leaf_blight,b0ab6f3e-8935-4d1d-81c7-4237dcb74fbc___FAM_L.Blight 4513.JPG,256,256,1.0,RGB,True
train,Leaf_blight,b4144fa1-1d0e-4d61-b5c8-dcc57e533c6f___FAM_L.Blight 3734.JPG,256,256,1.0,RGB,True
train,Leaf_blight,b517ea7d-7cb4-410c-899c-667270b45246___FAM_L.Blight 1568.JPG,256,256,1.0,RGB,True
train,Leaf_blight,b6956458-10b4-4f81-8e72-dfa933e3adae___FAM_L.Blight 1447.JPG,256,256,1.0,RGB,True
train,Leaf_blight,b69b9816-f69b-4d8e-8c56-4668b2581017___FAM_L.Blight 4929.JPG,256,256,1.0,RGB,True
train,Leaf_blight,b8a75e09-0ac8-4ed5-8999-4a234a740e92___FAM_L.Blight 4732.JPG,256,256,1.0,RGB,True
train,Leaf_blight,ba5754cc-442e-4a5b-b9e3-5926d07a1258___FAM_L.Blight 1519.JPG,256,256,1.0,RGB,True
train,Leaf_blight,c401c3e8-2510-4d06-846f-49024877898b___FAM_L.Blight 3721.JPG,256,256,1.0,RGB,True
train,Leaf_blight,c6a479c0-720d-4c2b-baf9-40715280cf14___FAM_L.Blight 1535.JPG,256,256,1.0,RGB,True
train,Leaf_blight,c6de4b6b-12d5-45fe-99ec-37e6f3ab0a8e___FAM_L.Blight 1473.JPG,256,256,1.0,RGB,True
train,Leaf_blight,c78299b6-7a38-46c8-a45c-66dc11d32d4d___FAM_L.Blight 1493.JPG,256,256,1.0,RGB,True
train,Leaf_blight,c8170516-0c36-49d8-bf6b-4fa4871bfde9___FAM_L.Blight 3723.JPG,256,256,1.0,RGB,True
train,Leaf_blight,c87a75d3-5398-4d76-a225-c603dfb9ce92___FAM_L.Blight 1720.JPG,256,256,1.0,RGB,True
train,Leaf_blight,ca3c21b5-b7ac-48d5-a8fe-543b7a26ac54___FAM_L.Blight 4663.JPG,256,256,1.0,RGB,True
train,Leaf_blight,cba918f3-a1db-44ae-9d04-cd828f376f12___FAM_L.Blight 1665.JPG,256,256,1.0,RGB,True
train,Leaf_blight,cc32bb4c-24b1-4b22-a951-6c9666cda8a3___FAM_L.Blight 4788.JPG,256,256,1.0,RGB,True
train,Leaf_blight,cc8662ad-e005-4d29-b38d-21889e8f8771___FAM_L.Blight 4726.JPG,256,256,1.0,RGB,True
train,Leaf_blight,ce301c49-341e-43da-830c-f5a2d3b00fd5___FAM_L.Blight 1719.JPG,256,256,1.0,RGB,True
train,Leaf_blight,ce668bd0-ac17-4962-9684-a6098353786d___FAM_L.Blight 4509.JPG,256,256,1.0,RGB,True
train,Leaf_blight,cedfa3b4-05cd-461c-9c2e-df95573fdeb4___FAM_L.Blight 1421.JPG,256,256,1.0,RGB,True
train,Leaf_blight,cfb45830-96dc-4714-ac10-ce51b047aa02___FAM_L.Blight 4893.JPG,256,256,1.0,RGB,True
train,Leaf_blight,d015d963-36d2-47d8-b78f-7cc20631dd11___FAM_L.Blight 4927.JPG,256,256,1.0,RGB,True
train,Leaf_blight,d105b10e-c737-461d-aac2-d2eda9733ce9___FAM_L.Blight 4520.JPG,256,256,1.0,RGB,True
train,Leaf_blight,d4d89134-8ba7-4070-9dbe-4fc2752bbb8b___FAM_L.Blight 0799.JPG,256,256,1.0,RGB,True
train,Leaf_blight,d5d5532f-7fbd-4e8c-9d72-66e3a46abf69___FAM_L.Blight 1662.JPG,256,256,1.0,RGB,True
train,Leaf_blight,dd01d64d-1706-44a6-b355-1939e3ff78c6___FAM_L.Blight 1724.JPG,256,256,1.0,RGB,True
train,Leaf_blight,e0a87cd5-5f26-4f17-a553-c48e353a15de___FAM_L.Blight 4897.JPG,256,256,1.0,RGB,True
train,Leaf_blight,e159d29d-4492-43ad-9055-0e651171616d___FAM_L.Blight 4710.JPG,256,256,1.0,RGB,True
train,Leaf_blight,e224d690-e64f-40a4-bfe6-c7d71900f346___FAM_L.Blight 0774.JPG,256,256,1.0,RGB,True
train,Leaf_blight,e22e51f9-b834-413a-b6d0-afd6a4743dd9___FAM_L.Blight 4911.JPG,256,256,1.0,RGB,True
train,Leaf_blight,e3dbdce6-da4d-4557-ab5e-0dc7198a6a81___FAM_L.Blight 4794.JPG,256,256,1.0,RGB,True
train,Leaf_blight,e5d63c26-dc6a-4995-93b9-9dc980ea75a6___FAM_L.Blight 4932.JPG,256,256,1.0,RGB,True
train,Leaf_blight,e662234f-6ffa-447a-872a-95c8eeeec95f___FAM_L.Blight 1400.JPG,256,256,1.0,RGB,True
train,Leaf_blight,e7ba72e2-a8ec-4376-a053-d33c1ba0a819___FAM_L.Blight 4781.JPG,256,256,1.0,RGB,True
train,Leaf_blight,eb4513fb-626f-4a3c-86bf-edb2f94129dc___FAM_L.Blight 3702.JPG,256,256,1.0,RGB,True
train,Leaf_blight,ec3747c3-6cae-48d7-b166-0457d7f6ff26___FAM_L.Blight 4664.JPG,256,256,1.0,RGB,True
train,Leaf_blight,ec3f8bea-70a4-46db-9461-4db9852fbe05___FAM_L.Blight 3675.JPG,256,256,1.0,RGB,True
train,Leaf_blight,f0816349-c4aa-4151-8874-059f6590973f___FAM_L.Blight 0801.JPG,256,256,1.0,RGB,True
train,Leaf_blight,f098ebaa-7545-4674-adbf-a6c6756029a1___FAM_L.Blight 0781.JPG,256,256,1.0,RGB,True
train,Leaf_blight,f217425f-4318-4f3d-9222-a2c6e20c0393___FAM_L.Blight 4762.JPG,256,256,1.0,RGB,True
train,Leaf_blight,f3333123-4cbf-4929-9fe1-117d1802bbac___FAM_L.Blight 1563.JPG,256,256,1.0,RGB,True
train,Leaf_blight,f482d5dc-d304-425b-9aab-496177ff35af___FAM_L.Blight 4633.JPG,256,256,1.0,RGB,True
test,Black_rot,0a31549c-8adb-4acc-bab2-a0954f063054___FAM_B.Rot 0687.JPG,256,256,1.0,RGB,True
test,Black_rot,1375f445-5685-45b8-b309-25bfa15e1665___FAM_B.Rot 3351.JPG,256,256,1.0,RGB,True
test,Black_rot,178456dc-6b03-4f5f-8503-8550b0d5f49a___FAM_B.Rot 3626.JPG,256,256,1.0,RGB,True
test,Black_rot,1b49994b-904a-4f13-8c97-e72b68d9d6e4___FAM_B.Rot 3079.JPG,256,256,1.0,RGB,True
test,Black_rot,225fe500-766a-485f-b267-9dcd153b4fc0___FAM_B.Rot 3498.JPG,256,256,1.0,RGB,True
test,Black_rot,43c2e0a8-2007-48cf-9f06-af5a3d651298___FAM_B.Rot 0623.JPG,256,256,1.0,RGB,True
test,Black_rot,501a0cbb-28ae-43e1-a17b-81e6a3ac9ce8___FAM_B.Rot 0550.JPG,256,256,1.0,RGB,True
test,Black_rot,526120a4-30bc-4cc6-81c2-5279221c4f69___FAM_B.Rot 3457.JPG,256,256,1.0,RGB,True
test,Black_rot,5f65a7e2-e422-423b-b4f7-f9c7c6d0ef56___FAM_B.Rot 3210.JPG,256,256,1.0,RGB,True
test,Black_rot,76145bf6-15e7-4a67-940e-0a2e35bd3bc7___FAM_B.Rot 0374.JPG,256,256,1.0,RGB,True
test,Black_rot,81bc31a1-d426-41a5-985b-a16e5ee67fd2___FAM_B.Rot 0533.JPG,256,256,1.0,RGB,True
test,Black_rot,8abe0983-7452-4612-9705-d9ea34c19c08___FAM_B.Rot 0762.JPG,256,256,1.0,RGB,True
test,Black_rot,8ec64831-79ea-49af-a33c-b1d065861453___FAM_B.Rot 3339.JPG,256,256,1.0,RGB,True
test,Black_rot,900e68dd-6d53-47f6-9837-79d6333c3f41___FAM_B.Rot 5077.JPG,256,256,1.0,RGB,True
test,Black_rot,926fc452-91e5-4683-89bb-0256103e15e1___FAM_B.Rot 0635.JPG,256,256,1.0,RGB,True
test,Black_rot,9b42e289-6e83-4788-b453-fd1b1a9006ae___FAM_B.Rot 3071.JPG,256,256,1.0,RGB,True
test,Black_rot,a04ef5e3-e968-442b-92f9-289052a7604d___FAM_B.Rot 0653.JPG,256,256,1.0,RGB,True
test,Black_rot,a208e246-895e-4857-a48c-9cda4ffd6259___FAM_B.Rot 0704.JPG,256,256,1.0,RGB,True
test,Black_rot,a5b36885-7c84-4913-a69e-d0e881f18f8b___FAM_B.Rot 0621.JPG,256,256,1.0,RGB,True
test,Black_rot,a9d80c69-bf2b-44fa-81b2-3fb0acb7bae8___FAM_B.Rot 3213.JPG,256,256,1.0,RGB,True
test,Black_rot,ab0d0af3-5f10-4eb9-a043-9c7a3a696075___FAM_B.Rot 3306.JPG,256,256,1.0,RGB,True
test,Black_rot,aef908db-af00-4502-b3d7-bffd1c77b0f5___FAM_B.Rot 5071.JPG,256,256,1.0,RGB,True
test,Black_rot,b1dab25f-063e-4ce2-bbda-fdd6d662dce9___FAM_B.Rot 3164.JPG,256,256,1.0,RGB,True
test,Black_rot,b423ed33-9391-44ef-a942-77589460c59d___FAM_B.Rot 3508.JPG,256,256,1.0,RGB,True
test,Black_rot,b72adf6d-d629-41e8-a267-ded92da2edf7___FAM_B.Rot 0537.JPG,256,256,1.0,RGB,True
test,Black_rot,bfc00633-7fa0-4430-aae3-596e196a0a6a___FAM_B.Rot 3303.JPG,256,256,1.0,RGB,True
test,Black_rot,d6b17e3c-bb9f-431c-a67b-c28e7c3b72ca___FAM_B.Rot 3461.JPG,256,256,1.0,RGB,True
test,Black_rot,e7cdb4b7-662a-44d2-8c74-1de45d30b8e4___FAM_B.Rot 3281.JPG,256,256,1.0,RGB,True
test,Black_rot,f0263437-2f45-4237-851f-ca6a5237f362___FAM_B.Rot 5062.JPG,256,256,1.0,RGB,True
test,Black_rot,f5e750d0-fb66-42e7-8324-ab2cdaa25b53___FAM_B.Rot 0671.JPG,256,256,1.0,RGB,True
test,Esca,025a9fa7-827a-43c3-a82f-66d9cbfb2055___FAM_B.Msls 4282.JPG,256,256,1.0,RGB,True
test,Esca,0429d206-55e2-4e3c-8cc5-c7a590db9c11___FAM_B.Msls 1803.JPG,256,256,1.0,RGB,True
test,Esca,0f2e3dac-b501-48df-987e-b7ae6f662092___FAM_B.Msls 4480.JPG,256,256,1.0,RGB,True
test,Esca,26796d1d-8d47-48da-93b7-26b4da73ab0a___FAM_B.Msls 3875.JPG,256,256,1.0,RGB,True
test,Esca,29aa9647-37c9-4f10-8afd-1d06168d871c___FAM_B.Msls 4482.JPG,256,256,1.0,RGB,True
test,Esca,3306483f-5feb-42e3-9c39-0a0b29ac1959___FAM_B.Msls 1767.JPG,256,256,1.0,RGB,True
test,Esca,4cdf4f8a-ff9c-4255-8c63-307cdd80df86___FAM_B.Msls 1339.JPG,256,256,1.0,RGB,True
test,Esca,5a2d25a8-d7f1-41dc-9467-f94eb0096082___FAM_B.Msls 4081.JPG,256,256,1.0,RGB,True
test,Esca,5ae3bf74-6037-4c13-86a4-139c1af0211b___FAM_B.Msls 4079.JPG,256,256,1.0,RGB,True
test,Esca,60f99768-a97b-4760-b503-3d045e02edce___FAM_B.Msls 0884.JPG,256,256,1.0,RGB,True
test,Esca,630ccfb4-cc9e-483d-849f-44e39c209200___FAM_B.Msls 4310.JPG,256,256,1.0,RGB,True
test,Esca,667d723e-edf0-4e25-b574-c913393c7141___FAM_B.Msls 1193.JPG,256,256,1.0,RGB,True
test,Esca,671a84ca-496c-4da3-bea9-b2bc732a4805___FAM_B.Msls 3943.JPG,256,256,1.0,RGB,True
test,Esca,6812896d-2751-4bb3-b8ca-1b853f9ec183___FAM_B.Msls 1139.JPG,256,256,1.0,RGB,True
test,Esca,693041f3-64d9-4d1a-bd79-3c504471f73e___FAM_B.Msls 4153.JPG,256,256,1.0,RGB,True
test,Esca,6e56c140-e1cb-46d2-9953-57a69065dbaa___FAM_B.Msls 0888.JPG,256,256,1.0,RGB,True
test,Esca,7b1e8245-9b73-423f-81e6-5102aaa187b3___FAM_B.Msls 1816.JPG,256,256,1.0,RGB,True
test,Esca,80a4fbe3-a0ee-4dc2-ada9-18f988fa3dcf___FAM_B.Msls 3866.JPG,256,256,1.0,RGB,True
test,Esca,81adb858-f7b1-4122-a00e-5f2f38581f03___FAM_B.Msls 3911.JPG,256,256,1.0,RGB,True
test,Esca,8f9970b4-19ad-45cd-8544-1a01360c62cf___FAM_B.Msls 1827.JPG,256,256,1.0,RGB,True
test,Esca,a7d77dc1-c8d7-4105-8e9f-88dedb54c779___FAM_B.Msls 1305.JPG,256,256,1.0,RGB,True
test,Esca,b56821a5-ba37-4072-9889-53396a3d780e___FAM_B.Msls 3921.JPG,256,256,1.0,RGB,True
test,Esca,c2238ed4-ff8e-463a-9c7f-129195c9ec30___FAM_B.Msls 1162.JPG,256,256,1.0,RGB,True
test,Esca,c4e73355-304e-482e-8e3a-b5d3143d6eda___FAM_B.Msls 3953.JPG,256,256,1.0,RGB,True
test,Esca,cc71f055-423d-49ef-98c9-078f9a4ae3c4___FAM_B.Msls 0974.JPG,256,256,1.0,RGB,True
test,Esca,d8e9f89c-61a3-4bb6-afc9-630f6498e8d6___FAM_B.Msls 1291.JPG,256,256,1.0,RGB,True
test,Esca,f16c2e0b-32ff-4cf3-aefc-a3f71b13cd05___FAM_B.Msls 4002.JPG,256,256,1.0,RGB,True
test,Esca,f6239f20-fed9-4517-8442-76ef6fb73c7a___FAM_B.Msls 1149.JPG,256,256,1.0,RGB,True
test,Esca,f9e452d3-c5a1-4670-907e-b1498c25a872___FAM_B.Msls 4456.JPG,256,256,1.0,RGB,True
test,Esca,fe89e669-19e0-4cf6-b3ee-457be6c1d077___FAM_B.Msls 3984.JPG,256,256,1.0,RGB,True
test,Healthy,084c897b-172c-4263-8d46-c6a629449c60___Mt.N.V_HL 9045.JPG,256,256,1.0,RGB,True
test,Healthy,0ca59865-f0d2-4863-b4d1-a6690de53a5a___Mt.N.V_HL 6025.JPG,256,256,1.0,RGB,True
test,Healthy,0dca4cc0-2f37-4d55-8060-ce5e2137fd45___Mt.N.V_HL 9077.JPG,256,256,1.0,RGB,True
test,Healthy,17572261-c800-42b7-8baf-2f73f7657578___Mt.N.V_HL 9009.JPG,256,256,1.0,RGB,True
test,Healthy,18fd5d50-f80c-426c-bfdb-5ca325065f24___Mt.N.V_HL 6024.JPG,256,256,1.0,RGB,True
test,Healthy,21abfc5f-c711-4732-8049-b85fd60180a2___Mt.N.V_HL 9035.JPG,256,256,1.0,RGB,True
test,Healthy,304f5d6d-b17f-4e89-9196-9e649f117d03___Mt.N.V_HL 6189.JPG,256,256,1.0,RGB,True
test,Healthy,3212eeb2-e75c-45a3-9211-6147cd370274___Mt.N.V_HL 6041.JPG,256,256,1.0,RGB,True
test,Healthy,3c93bbb2-e1cc-4a12-9758-e6a9ff0e70dc___Mt.N.V_HL 8916.JPG,256,256,1.0,RGB,True
test,Healthy,515937e8-f329-406e-8d77-c9ddba3e399b___Mt.N.V_HL 9098.JPG,256,256,1.0,RGB,True
test,Healthy,55afb57b-04f7-437c-92ae-d2b859de5fc1___Mt.N.V_HL 8974.JPG,256,256,1.0,RGB,True
test,Healthy,5fccb358-a1fd-4cdb-a9a8-da8b2a3e184c___Mt.N.V_HL 8954.JPG,256,256,1.0,RGB,True
test,Healthy,666536ee-371f-46c2-b20d-f6fc87847cb1___Mt.N.V_HL 8944.JPG,256,256,1.0,RGB,True
test,Healthy,868c8ecd-f7dc-41c4-be99-237cf3d73c14___Mt.N.V_HL 6072.JPG,256,256,1.0,RGB,True
test,Healthy,9155a721-9e2c-4b58-99be-eba41f454525___Mt.N.V_HL 6053.JPG,256,256,1.0,RGB,True
test,Healthy,98483d5a-cdee-4a61-9cb3-03913dbaa850___Mt.N.V_HL 9116.JPG,256,256,1.0,RGB,True
test,Healthy,ac753212-e6d7-44b9-9722-4413a7418ab3___Mt.N.V_HL 6178.JPG,256,256,1.0,RGB,True
test,Healthy,b6c49725-ccb9-46a9-abca-c99f51e13d0a___Mt.N.V_HL 6026.JPG,256,256,1.0,RGB,True
test,Healthy,bdbd53ee-405b-4ebc-9027-1adb40940e56___Mt.N.V_HL 8912.JPG,256,256,1.0,RGB,True
test,Healthy,c7728407-a18e-4fab-8190-b067de880aa5___Mt.N.V_HL 9010.JPG,256,256,1.0,RGB,True
test,Healthy,cad08b01-b03c-4bee-a786-a6118ec09c37___Mt.N.V_HL 6081.JPG,256,256,1.0,RGB,True
test,Healthy,d232a29e-e702-4b4e-b568-f022ffd375c4___Mt.N.V_HL 6158.JPG,256,256,1.0,RGB,True
test,Healthy,d5fe4316-44da-4fd9-a608-75908ad76862___Mt.N.V_HL 6143.JPG,256,256,1.0,RGB,True
test,Healthy,d61f8828-71c9-4f3d-85e7-47a33b2fd3fe___Mt.N.V_HL 8906.JPG,256,256,1.0,RGB,True
test,Healthy,da73a76d-506a-4a34-bedd-e79998f3949c___Mt.N.V_HL 8958.JPG,256,256,1.0,RGB,True
test,Healthy,dd00817b-ae0e-4ac6-92c0-b3f7a9a272b7___Mt.N.V_HL 8923.JPG,256,256,1.0,RGB,True
test,Healthy,e1ad5701-dcb4-43be-a5f0-be4b7773748b___Mt.N.V_HL 8996.JPG,256,256,1.0,RGB,True
test,Healthy,e6d82c66-3d9e-4491-a5f7-9c16dd7ce6a0___Mt.N.V_HL 9054.JPG,256,256,1.0,RGB,True
test,Healthy,f02b5708-2cf8-4cee-9a45-10cbf493b2d5___Mt.N.V_HL 9023.JPG,256,256,1.0,RGB,True
test,Healthy,f20a3d64-bee7-4bb7-a74b-8cfc8c78fd43___Mt.N.V_HL 6200.JPG,256,256,1.0,RGB,True
test,Leaf_blight,0249d5d6-ca79-40a5-9cdb-3d72382e25e1___FAM_L.Blight 1392.JPG,256,256,1.0,RGB,True
test,Leaf_blight,0a04146e-d973-40ad-ac79-3cc37b26fd58___FAM_L.Blight 4874.JPG,256,256,1.0,RGB,True
test,Leaf_blight,105c3d19-bb40-4917-8c19-cb3cb38a172f___FAM_L.Blight 4586.JPG,256,256,1.0,RGB,True
test,Leaf_blight,17b7bb24-d9c9-4b65-8bcb-1311e5fe408a___FAM_L.Blight 4546.JPG,256,256,1.0,RGB,True
test,Leaf_blight,1df5b726-df30-4f40-919e-5866855b5e98___FAM_L.Blight 4770.JPG,256,256,1.0,RGB,True
test,Leaf_blight,2f73565e-e350-4d3c-b474-a19eab2f6639___FAM_L.Blight 4632.JPG,256,256,1.0,RGB,True
test,Leaf_blight,31cae071-a2b2-4bbe-9127-378381126df4___FAM_L.Blight 4963.JPG,256,256,1.0,RGB,True
test,Leaf_blight,3dc9a0d1-aad5-40ec-86b2-93a696cf68b2___FAM_L.Blight 1552.JPG,256,256,1.0,RGB,True
test,Leaf_blight,414de643-cc27-4a3a-9cc6-a1134b451619___FAM_L.Blight 1542.JPG,256,256,1.0,RGB,True
test,Leaf_blight,4c8b2623-41a0-4b0f-a78a-acb446063cc9___FAM_L.Blight 3690.JPG,256,256,1.0,RGB,True
test,Leaf_blight,556574c6-b0e1-46ca-acc9-4af99ef1eb87___FAM_L.Blight 4593.JPG,256,256,1.0,RGB,True
test,Leaf_blight,5915c9ee-e086-4a22-aab5-a4ad14b155d1___FAM_L.Blight 1529.JPG,256,256,1.0,RGB,True
test,Leaf_blight,601931a2-281b-4cdb-8871-6bc87f101eaf___FAM_L.Blight 4787.JPG,256,256,1.0,RGB,True
test,Leaf_blight,649b0a9c-e565-4071-ac06-6eb1eeb08ca3___FAM_L.Blight 1558.JPG,256,256,1.0,RGB,True
test,Leaf_blight,6ad558d1-3236-4f59-b928-5641d1cd83c2___FAM_L.Blight 4994.JPG,256,256,1.0,RGB,True
test,Leaf_blight,6ff1d812-d899-4511-b870-26dfbcf88dbb___FAM_L.Blight 4990.JPG,256,256,1.0,RGB,True
test,Leaf_blight,8c8e729b-1cd0-464c-8ff7-aa3f1403e163___FAM_L.Blight 1555.JPG,256,256,1.0,RGB,True
test,Leaf_blight,a72ddc89-60b4-4df8-a304-4e242c048075___FAM_L.Blight 1608.JPG,256,256,1.0,RGB,True
test,Leaf_blight,ace5133c-86c1-43e5-9de4-e8e5dcf32f14___FAM_L.Blight 3764.JPG,256,256,1.0,RGB,True
test,Leaf_blight,bf846800-d35a-4510-bbed-1ad8b12dc4f8___FAM_L.Blight 1582.JPG,256,256,1.0,RGB,True
test,Leaf_blight,c08c3e56-4192-40a6-9b51-8733e642dafa___FAM_L.Blight 1422.JPG,256,256,1.0,RGB,True
test,Leaf_blight,c28820f1-cbd1-455a-a35b-83b7fb22334c___FAM_L.Blight 4884.JPG,256,256,1.0,RGB,True
test,Leaf_blight,ce5a71c6-62f0-4b2c-89d8-acd4c171b290___FAM_L.Blight 0769.JPG,256,256,1.0,RGB,True
test,Leaf_blight,d7ff358a-bc45-4b81-a632-68d8e87ab529___FAM_L.Blight 3676.JPG,256,256,1.0,RGB,True
test,Leaf_blight,ed8e1b39-6211-40db-823a-33695fb47307___FAM_L.Blight 3670.JPG,256,256,1.0,RGB,True
test,Leaf_blight,ef1eaf4e-50fa-48d2-8ff9-3f3953043409___FAM_L.Blight 1383.JPG,256,256,1.0,RGB,True
test,Leaf_blight,f013402b-5de4-43a1-b5e3-f04d1ce11e4d___FAM_L.Blight 1726.JPG,256,256,1.0,RGB,True
test,Leaf_blight,f05c0a7d-3330-4c78-b13f-f89b9929009f___FAM_L.Blight 1651.JPG,256,256,1.0,RGB,True
test,Leaf_blight,f2491a00-18d1-467a-b7e3-24a950a43203___FAM_L.Blight 3682.JPG,256,256,1.0,RGB,True
test,Leaf_blight,f62e0f71-4a17-47b4-833e-c2a9e03ce0a0___FAM_L.Blight 3767.JPG,256,256,1.0,RGB,True
