embedding_index,embedding_name,importancia,ranking
1223,embedding_1223,0.015274396931916623,1
302,embedding_302,0.014375161823771855,2
950,embedding_950,0.014054723483197761,3
724,embedding_724,0.013722173189560996,4
469,embedding_469,0.013217975486408866,5
3,embedding_3,0.012125486638546243,6
755,embedding_755,0.01206195157964864,7
1,embedding_1,0.011153496962846954,8
100,embedding_100,0.01077703444564703,9
880,embedding_880,0.010726782249633266,10
1036,embedding_1036,0.010347103145024872,11
554,embedding_554,0.009697656727786002,12
637,embedding_637,0.009465695932172892,13
941,embedding_941,0.009283482786655545,14
1082,embedding_1082,0.008868655882987367,15
230,embedding_230,0.008836901798009597,16
89,embedding_89,0.008583035266853183,17
27,embedding_27,0.008111490496018075,18
567,embedding_567,0.007975347113838703,19
457,embedding_457,0.007946135038161153,20
212,embedding_212,0.007636446150416691,21
328,embedding_328,0.007604501250561652,22
571,embedding_571,0.007468704592487973,23
1244,embedding_1244,0.007170518567172549,24
500,embedding_500,0.007161004842656538,25
159,embedding_159,0.007123738228414351,26
1276,embedding_1276,0.007005045383831641,27
913,embedding_913,0.006634734741126532,28
252,embedding_252,0.006431456925518446,29
1219,embedding_1219,0.006234206647563962,30
789,embedding_789,0.006141604693963318,31
116,embedding_116,0.0060418374129059685,32
435,embedding_435,0.0060335557404877825,33
971,embedding_971,0.006024966993105487,34
748,embedding_748,0.005992401858689599,35
352,embedding_352,0.0059244267248628295,36
1016,embedding_1016,0.005863938954472726,37
583,embedding_583,0.005483333645129174,38
340,embedding_340,0.005163305642706034,39
1067,embedding_1067,0.005030507279469584,40
610,embedding_610,0.004975479023767003,41
1206,embedding_1206,0.004831429320284069,42
399,embedding_399,0.00465646104838831,43
327,embedding_327,0.004628997255033309,44
991,embedding_991,0.004583996185917123,45
226,embedding_226,0.00444372885752779,46
1230,embedding_1230,0.004424170251181389,47
1117,embedding_1117,0.004371490553569914,48
234,embedding_234,0.004367379506164574,49
862,embedding_862,0.004318932101224816,50
1151,embedding_1151,0.004281133262013924,51
799,embedding_799,0.00411424939677786,52
479,embedding_479,0.004091962923516417,53
1092,embedding_1092,0.0040848605849766635,54
381,embedding_381,0.004084213012190056,55
897,embedding_897,0.0040146914772266565,56
1168,embedding_1168,0.003983388492478506,57
31,embedding_31,0.003975094836554755,58
761,embedding_761,0.0039046859614134525,59
175,embedding_175,0.003757718303536772,60
64,embedding_64,0.0036916311993078713,61
1165,embedding_1165,0.003664781534416107,62
1268,embedding_1268,0.003635360313238469,63
556,embedding_556,0.0035978184670664593,64
1113,embedding_1113,0.0035830445062364365,65
391,embedding_391,0.003561163919041008,66
301,embedding_301,0.0035330863580328663,67
847,embedding_847,0.0034153346466175584,68
91,embedding_91,0.0033337630847216537,69
784,embedding_784,0.0033272244267926756,70
974,embedding_974,0.00326973868960663,71
994,embedding_994,0.0032226060371581583,72
714,embedding_714,0.0032225321697886234,73
557,embedding_557,0.0032064519572900813,74
561,embedding_561,0.0032036085376904487,75
1270,embedding_1270,0.003201930151535256,76
881,embedding_881,0.003187447953519275,77
643,embedding_643,0.003177178265633438,78
1046,embedding_1046,0.0031621700901355524,79
746,embedding_746,0.003149160078100484,80
408,embedding_408,0.0030709006735790993,81
1038,embedding_1038,0.0030513783784684926,82
968,embedding_968,0.0029966799335626993,83
44,embedding_44,0.002945336956649566,84
1256,embedding_1256,0.0029377936828572705,85
810,embedding_810,0.0029117885946409613,86
215,embedding_215,0.002895285407098147,87
318,embedding_318,0.002883216428786693,88
839,embedding_839,0.002819148207098459,89
960,embedding_960,0.0027894574751085592,90
1152,embedding_1152,0.002643002486958187,91
1177,embedding_1177,0.002617303496710515,92
612,embedding_612,0.002489368956068065,93
1221,embedding_1221,0.0024627039787015583,94
1231,embedding_1231,0.002454856594711603,95
1056,embedding_1056,0.002411486669217673,96
645,embedding_645,0.0024019472613023753,97
787,embedding_787,0.0023957310071252105,98
803,embedding_803,0.0023767402805879695,99
1136,embedding_1136,0.0023739094889504166,100
526,embedding_526,0.002355248355260098,101
975,embedding_975,0.002338007418816842,102
492,embedding_492,0.0022633496236954386,103
321,embedding_321,0.0022401569186762415,104
1161,embedding_1161,0.0022352488834369894,105
210,embedding_210,0.002217110618849406,106
732,embedding_732,0.00220673120835349,107
341,embedding_341,0.0022058317901461036,108
161,embedding_161,0.002185400437045488,109
772,embedding_772,0.0021556842856496907,110
1040,embedding_1040,0.002128464468823094,111
706,embedding_706,0.0021202806801129364,112
793,embedding_793,0.0021147037192862537,113
332,embedding_332,0.002107095697231884,114
792,embedding_792,0.0020833360902940885,115
614,embedding_614,0.0020590910450960197,116
745,embedding_745,0.002053171577334215,117
107,embedding_107,0.002022852188979334,118
912,embedding_912,0.001997025572082389,119
305,embedding_305,0.0019956962509359985,120
1080,embedding_1080,0.001992461619458848,121
895,embedding_895,0.001984043570435261,122
1259,embedding_1259,0.001958911378482547,123
468,embedding_468,0.0019327092594256504,124
124,embedding_124,0.001909791779839462,125
888,embedding_888,0.0018642632094333456,126
910,embedding_910,0.0018499847769379316,127
339,embedding_339,0.0018366725830667096,128
904,embedding_904,0.0018112436985567356,129
901,embedding_901,0.0017817894118490054,130
933,embedding_933,0.0017679642262070478,131
956,embedding_956,0.0017543387014658915,132
636,embedding_636,0.0017409784984680407,133
687,embedding_687,0.0017264050949675112,134
1175,embedding_1175,0.001716586148579075,135
1039,embedding_1039,0.0017025366442782353,136
62,embedding_62,0.0016854615323066626,137
444,embedding_444,0.0016726057898493938,138
459,embedding_459,0.0016529073804027613,139
1126,embedding_1126,0.0016141874053303953,140
262,embedding_262,0.0016103967284313114,141
642,embedding_642,0.001608254273289441,142
726,embedding_726,0.0015971910986134286,143
84,embedding_84,0.0015593320719818782,144
370,embedding_370,0.0015572352196072036,145
616,embedding_616,0.0015524769522054557,146
284,embedding_284,0.0015402167805895464,147
1190,embedding_1190,0.001513211724049776,148
102,embedding_102,0.0014827431340630084,149
699,embedding_699,0.0014764316522047282,150
205,embedding_205,0.001464804896933962,151
1102,embedding_1102,0.0014585690761671941,152
749,embedding_749,0.0014527017998487344,153
403,embedding_403,0.0014526408198339575,154
16,embedding_16,0.0014406210705409344,155
734,embedding_734,0.0014360695422522998,156
240,embedding_240,0.001434530360481495,157
68,embedding_68,0.0014237945676875002,158
1051,embedding_1051,0.001422631909081264,159
285,embedding_285,0.0014121658638283673,160
119,embedding_119,0.0014102316404191989,161
450,embedding_450,0.0013980172649068904,162
486,embedding_486,0.0013963234440577987,163
1199,embedding_1199,0.0013876911204799074,164
1243,embedding_1243,0.0013686125004643216,165
38,embedding_38,0.0013676912734464839,166
837,embedding_837,0.0013658627819197503,167
555,embedding_555,0.0013591878026836923,168
1277,embedding_1277,0.0013462005384407504,169
514,embedding_514,0.001339998455747736,170
118,embedding_118,0.0013338269894005727,171
108,embedding_108,0.001314842170899802,172
253,embedding_253,0.0013094313110477399,173
1121,embedding_1121,0.0012949281543598165,174
1007,embedding_1007,0.0012898567140545716,175
800,embedding_800,0.0012816779079852633,176
388,embedding_388,0.0012759437550718114,177
650,embedding_650,0.001266610131210736,178
263,embedding_263,0.0012494980117135587,179
182,embedding_182,0.0012206080427235976,180
372,embedding_372,0.0012155900827707097,181
1204,embedding_1204,0.0012140736650955856,182
629,embedding_629,0.0012118005148598243,183
593,embedding_593,0.0012080425759827041,184
969,embedding_969,0.0012058707703634908,185
601,embedding_601,0.0011916225242192574,186
529,embedding_529,0.001178956383162139,187
394,embedding_394,0.0011772621914624883,188
658,embedding_658,0.001154664692227102,189
324,embedding_324,0.0011525946901061299,190
657,embedding_657,0.0011508338532579883,191
156,embedding_156,0.001144039432230835,192
756,embedding_756,0.00113946703267759,193
298,embedding_298,0.0011391324023686227,194
396,embedding_396,0.0011372589707466369,195
1248,embedding_1248,0.001137213462081718,196
947,embedding_947,0.0011360588534417456,197
781,embedding_781,0.0011352229869235004,198
220,embedding_220,0.0011277248564183868,199
125,embedding_125,0.00112240687394922,200
32,embedding_32,0.0011142632466351584,201
476,embedding_476,0.001113811887087236,202
801,embedding_801,0.0011098088701891207,203
8,embedding_8,0.0011051535223913366,204
520,embedding_520,0.0011035765262178416,205
627,embedding_627,0.0010935426690006698,206
333,embedding_333,0.001084882161119175,207
379,embedding_379,0.0010831882223124223,208
989,embedding_989,0.0010806618975166646,209
838,embedding_838,0.0010575956349729006,210
371,embedding_371,0.0010573371714834904,211
1089,embedding_1089,0.001043361011544165,212
377,embedding_377,0.0010333441414910746,213
940,embedding_940,0.0010315923914508962,214
911,embedding_911,0.0010294235187567424,215
871,embedding_871,0.0010163846425494966,216
217,embedding_217,0.0010012732115229437,217
223,embedding_223,0.0009994893373407243,218
342,embedding_342,0.0009955688681704943,219
701,embedding_701,0.0009852800555489782,220
1197,embedding_1197,0.000982849046054827,221
1183,embedding_1183,0.0009821890874813141,222
1141,embedding_1141,0.0009792452312535117,223
150,embedding_150,0.0009771804983497825,224
422,embedding_422,0.0009762714784724609,225
654,embedding_654,0.0009698628964389992,226
1273,embedding_1273,0.0009697687256491983,227
973,embedding_973,0.0009491985647177058,228
545,embedding_545,0.0009479416617495546,229
1264,embedding_1264,0.0009433879073644826,230
255,embedding_255,0.0009381347749501386,231
664,embedding_664,0.0009319963014825889,232
942,embedding_942,0.0009315704639856587,233
419,embedding_419,0.0009313618986649851,234
1203,embedding_1203,0.0009247547321796696,235
114,embedding_114,0.0009079996065652678,236
1185,embedding_1185,0.0009065054950158632,237
1022,embedding_1022,0.0009049934103092766,238
483,embedding_483,0.0008984728425962342,239
411,embedding_411,0.0008910655557742871,240
206,embedding_206,0.0008888483204214089,241
489,embedding_489,0.0008870949770902127,242
1235,embedding_1235,0.0008824714806461042,243
854,embedding_854,0.0008714940298578313,244
587,embedding_587,0.0008689136945404948,245
308,embedding_308,0.0008669322587647991,246
740,embedding_740,0.0008594989071907605,247
1057,embedding_1057,0.0008584220449295518,248
282,embedding_282,0.0008559865187263386,249
460,embedding_460,0.0008533883651339701,250
634,embedding_634,0.0008529548124569663,251
264,embedding_264,0.0008407611465509583,252
1103,embedding_1103,0.0008341053079998287,253
1242,embedding_1242,0.0008301580501291479,254
1021,embedding_1021,0.000828509060985335,255
1261,embedding_1261,0.0008220119539083976,256
694,embedding_694,0.0008179516472640864,257
621,embedding_621,0.0008174229479025835,258
1055,embedding_1055,0.0008098571923137218,259
633,embedding_633,0.0008070010863477292,260
181,embedding_181,0.0008055372935735671,261
364,embedding_364,0.0007995337774073266,262
82,embedding_82,0.0007897875388351251,263
97,embedding_97,0.0007896397647698093,264
170,embedding_170,0.0007860953058650829,265
1154,embedding_1154,0.0007789307936494071,266
174,embedding_174,0.0007751704370510746,267
1004,embedding_1004,0.0007586098920887171,268
626,embedding_626,0.0007568518195166979,269
439,embedding_439,0.0007497668715785627,270
668,embedding_668,0.0007460759783972102,271
613,embedding_613,0.0007409224476979571,272
130,embedding_130,0.0007389396522643828,273
1241,embedding_1241,0.0007364200743331744,274
758,embedding_758,0.0007355149886677479,275
83,embedding_83,0.000735062099146325,276
764,embedding_764,0.0007346166270184638,277
1229,embedding_1229,0.0007312745035483163,278
869,embedding_869,0.0007286485540560975,279
917,embedding_917,0.0007187600722497246,280
133,embedding_133,0.0007121973098012037,281
1227,embedding_1227,0.0007051514819220794,282
662,embedding_662,0.0007040436584007672,283
1218,embedding_1218,0.000695815193317357,284
192,embedding_192,0.0006957312878138778,285
661,embedding_661,0.0006912997786358794,286
13,embedding_13,0.0006907008694959904,287
1003,embedding_1003,0.000689831275503157,288
584,embedding_584,0.0006858707795347518,289
29,embedding_29,0.000685728339682842,290
982,embedding_982,0.0006857259907339956,291
794,embedding_794,0.0006785317052606849,292
835,embedding_835,0.0006777109782873837,293
74,embedding_74,0.0006767096478736323,294
631,embedding_631,0.0006751242812119862,295
811,embedding_811,0.0006739476083340792,296
1027,embedding_1027,0.0006730671450305186,297
76,embedding_76,0.0006684304354296004,298
742,embedding_742,0.0006683010677100092,299
678,embedding_678,0.0006581323326575786,300
829,embedding_829,0.0006567580820546362,301
322,embedding_322,0.0006525309458922418,302
126,embedding_126,0.000651747043071381,303
719,embedding_719,0.0006500274737572829,304
12,embedding_12,0.0006455181675452285,305
229,embedding_229,0.0006366044807404031,306
859,embedding_859,0.0006279001651108036,307
454,embedding_454,0.0006217363090954635,308
860,embedding_860,0.0006210174925454048,309
981,embedding_981,0.0006205019682176956,310
51,embedding_51,0.0006185915081666086,311
24,embedding_24,0.00061687727734726,312
113,embedding_113,0.0006155531001598934,313
976,embedding_976,0.0006144284920155142,314
448,embedding_448,0.0006142157711040944,315
207,embedding_207,0.0006137314645978891,316
1090,embedding_1090,0.0006089238124441096,317
644,embedding_644,0.0006089182451118706,318
949,embedding_949,0.0006059743605334707,319
54,embedding_54,0.0006043099471419448,320
320,embedding_320,0.0005966139463541677,321
1064,embedding_1064,0.0005957056288839905,322
464,embedding_464,0.0005933759344509639,323
466,embedding_466,0.00059015398867141,324
957,embedding_957,0.000588292323665673,325
887,embedding_887,0.0005820074503514657,326
393,embedding_393,0.0005798372776668224,327
1086,embedding_1086,0.0005759869231643914,328
884,embedding_884,0.000574979420135528,329
380,embedding_380,0.0005738610795567821,330
443,embedding_443,0.000571421612544069,331
704,embedding_704,0.0005677277524493356,332
534,embedding_534,0.0005595313479520208,333
1186,embedding_1186,0.0005590432814168374,334
591,embedding_591,0.0005587047227177667,335
927,embedding_927,0.000553290575027712,336
1237,embedding_1237,0.0005494319434204546,337
200,embedding_200,0.0005470590251262305,338
278,embedding_278,0.0005469676180423759,339
286,embedding_286,0.0005451015395469786,340
709,embedding_709,0.0005444110765401742,341
1153,embedding_1153,0.000542002956687899,342
1149,embedding_1149,0.0005418337016688508,343
256,embedding_256,0.0005416812500198504,344
60,embedding_60,0.0005395711625835941,345
1010,embedding_1010,0.0005380256445441963,346
547,embedding_547,0.0005327803424628061,347
248,embedding_248,0.0005313542657844269,348
71,embedding_71,0.0005272400837504397,349
65,embedding_65,0.0005261523058763784,350
1097,embedding_1097,0.0005240001546810871,351
873,embedding_873,0.0005221101538968011,352
1188,embedding_1188,0.0005178446277325605,353
867,embedding_867,0.0005136797815645853,354
325,embedding_325,0.0005031719864564532,355
741,embedding_741,0.0005023013934777533,356
1222,embedding_1222,0.0005006037331659448,357
1112,embedding_1112,0.0005005112529802458,358
814,embedding_814,0.0004969142713700958,359
783,embedding_783,0.0004954583304980133,360
902,embedding_902,0.0004950870342351601,361
1143,embedding_1143,0.0004940267196947292,362
360,embedding_360,0.0004938732775077137,363
1125,embedding_1125,0.0004927223507346325,364
923,embedding_923,0.0004921015858278787,365
577,embedding_577,0.0004918348605753013,366
290,embedding_290,0.0004902738935839446,367
1210,embedding_1210,0.0004892839384797856,368
338,embedding_338,0.0004877690571255815,369
964,embedding_964,0.0004869715806172926,370
280,embedding_280,0.00048556723183595376,371
1030,embedding_1030,0.00047890375710520105,372
828,embedding_828,0.0004781144619578368,373
779,embedding_779,0.00047572703401412773,374
967,embedding_967,0.000474930468998921,375
412,embedding_412,0.00047432286823538214,376
335,embedding_335,0.0004717369392619972,377
1266,embedding_1266,0.0004709562028602748,378
628,embedding_628,0.0004702260951350439,379
922,embedding_922,0.00046945644873546446,380
186,embedding_186,0.0004650057509941072,381
671,embedding_671,0.00046475958784157877,382
66,embedding_66,0.00046474454271151967,383
436,embedding_436,0.00046392687712641374,384
292,embedding_292,0.0004626574413969678,385
179,embedding_179,0.0004621728174258736,386
1001,embedding_1001,0.0004617445419277312,387
26,embedding_26,0.0004609745832195531,388
946,embedding_946,0.0004602815849710076,389
1148,embedding_1148,0.0004599305711732655,390
715,embedding_715,0.00045725428096507085,391
727,embedding_727,0.0004570077572118167,392
930,embedding_930,0.0004530579176886283,393
87,embedding_87,0.00045045641073518367,394
877,embedding_877,0.00044962975628193866,395
73,embedding_73,0.0004483466840522471,396
607,embedding_607,0.00044758476433050953,397
905,embedding_905,0.0004462974755995998,398
770,embedding_770,0.0004459543818375181,399
1174,embedding_1174,0.00044471457794812835,400
246,embedding_246,0.00044206730286596303,401
279,embedding_279,0.00044199754122624364,402
827,embedding_827,0.00044119371729116043,403
1272,embedding_1272,0.00043681936689357164,404
711,embedding_711,0.0004341118854989154,405
46,embedding_46,0.0004326613040194743,406
1078,embedding_1078,0.00043056024855606773,407
1255,embedding_1255,0.00042854558644215163,408
648,embedding_648,0.0004279744914424866,409
915,embedding_915,0.00042728988158619176,410
88,embedding_88,0.00042685532144498485,411
818,embedding_818,0.00042633487820552116,412
760,embedding_760,0.00042412207890538296,413
86,embedding_86,0.00042275034230336193,414
998,embedding_998,0.00042237369620914337,415
759,embedding_759,0.0004215471529725912,416
1252,embedding_1252,0.00042057635420664154,417
1049,embedding_1049,0.00041831870184114357,418
111,embedding_111,0.00041615437657284047,419
1202,embedding_1202,0.00041554384121137003,420
127,embedding_127,0.00041348211898784406,421
1116,embedding_1116,0.0004110919802578155,422
1279,embedding_1279,0.0004110272461460951,423
1128,embedding_1128,0.00040957456293634604,424
765,embedding_765,0.00040950010483837006,425
1045,embedding_1045,0.0004083967598235866,426
171,embedding_171,0.00040612660536007336,427
646,embedding_646,0.0004054007853220348,428
291,embedding_291,0.00040498726997385034,429
1129,embedding_1129,0.0004022751306048544,430
75,embedding_75,0.00040129073975021535,431
945,embedding_945,0.000400500350868138,432
878,embedding_878,0.000400236660513962,433
115,embedding_115,0.0003988170218529478,434
563,embedding_563,0.0003973515768753783,435
348,embedding_348,0.0003972114568403324,436
494,embedding_494,0.00039671729853954637,437
853,embedding_853,0.0003936637771818194,438
697,embedding_697,0.00039244425915198534,439
836,embedding_836,0.00039169304629958166,440
112,embedding_112,0.0003910565722659929,441
958,embedding_958,0.00039028166071081193,442
1132,embedding_1132,0.00038743686608938967,443
725,embedding_725,0.0003839324720221994,444
1042,embedding_1042,0.0003838820303496589,445
1122,embedding_1122,0.00038161966195004565,446
151,embedding_151,0.0003801653343552449,447
823,embedding_823,0.0003791813123109198,448
176,embedding_176,0.0003789004109220531,449
120,embedding_120,0.00037805968660075713,450
144,embedding_144,0.0003776198745171543,451
1134,embedding_1134,0.0003759883510435461,452
149,embedding_149,0.00037588685623452867,453
496,embedding_496,0.0003723807855297113,454
720,embedding_720,0.000371477414437247,455
606,embedding_606,0.0003703513321176425,456
574,embedding_574,0.00036867884007125805,457
10,embedding_10,0.00036843431953257467,458
785,embedding_785,0.0003675265836090972,459
752,embedding_752,0.00036456159768793024,460
337,embedding_337,0.0003635395525750209,461
6,embedding_6,0.00036277557853194655,462
1012,embedding_1012,0.00036205319924620784,463
893,embedding_893,0.0003616733334796513,464
195,embedding_195,0.00036098212914728985,465
1070,embedding_1070,0.0003600332677756265,466
605,embedding_605,0.00035669665543970207,467
1028,embedding_1028,0.00035658027896994925,468
959,embedding_959,0.0003556436834413578,469
123,embedding_123,0.0003554287384053066,470
579,embedding_579,0.0003554067437524884,471
441,embedding_441,0.00035468492303774424,472
944,embedding_944,0.0003546767334352403,473
548,embedding_548,0.000353509208339845,474
970,embedding_970,0.0003523536706526623,475
61,embedding_61,0.00035181521945137087,476
1278,embedding_1278,0.000350752274715597,477
288,embedding_288,0.0003476230611198902,478
798,embedding_798,0.0003475960928309799,479
90,embedding_90,0.0003474665576205256,480
590,embedding_590,0.0003472076933051949,481
356,embedding_356,0.0003449007654844077,482
1065,embedding_1065,0.0003438909675515433,483
1124,embedding_1124,0.0003401621658500564,484
53,embedding_53,0.00033978355516957326,485
1041,embedding_1041,0.00033837687071493205,486
92,embedding_92,0.00033835234745456305,487
199,embedding_199,0.00033704941887236097,488
209,embedding_209,0.0003335352438819058,489
1115,embedding_1115,0.00033264970685073454,490
597,embedding_597,0.00033110565475700225,491
503,embedding_503,0.0003300320700871391,492
825,embedding_825,0.00032928204734826547,493
147,embedding_147,0.00032585465273191413,494
1232,embedding_1232,0.0003254014250856599,495
378,embedding_378,0.00032504892569377026,496
1035,embedding_1035,0.0003241690823743158,497
1265,embedding_1265,0.0003239296242443926,498
1018,embedding_1018,0.0003206641571787463,499
525,embedding_525,0.00031963759968200496,500
165,embedding_165,0.0003182360126937827,501
201,embedding_201,0.0003176049683334789,502
260,embedding_260,0.0003173172618389369,503
319,embedding_319,0.00031671953306205286,504
1130,embedding_1130,0.0003166774606587744,505
599,embedding_599,0.0003162245197392165,506
211,embedding_211,0.00031606898420591417,507
544,embedding_544,0.0003156428087576746,508
478,embedding_478,0.00031434495693904475,509
128,embedding_128,0.0003120485705475609,510
180,embedding_180,0.00031126048111801104,511
675,embedding_675,0.0003112463038285673,512
1077,embedding_1077,0.0003105039050718831,513
1189,embedding_1189,0.00030998271821426957,514
722,embedding_722,0.00030912903624803886,515
141,embedding_141,0.00030842920142575193,516
409,embedding_409,0.00030838509420543246,517
856,embedding_856,0.00030565190487045097,518
707,embedding_707,0.00030239921975777466,519
1239,embedding_1239,0.0003020245977344745,520
34,embedding_34,0.00030165999995096526,521
146,embedding_146,0.0003013762754079781,522
498,embedding_498,0.0003006281097253449,523
7,embedding_7,0.0003004148194413062,524
1170,embedding_1170,0.00029739157363625654,525
716,embedding_716,0.00029612775130259905,526
528,embedding_528,0.00029492618161717853,527
680,embedding_680,0.00029066990268376765,528
1053,embedding_1053,0.00029034272727087803,529
117,embedding_117,0.0002887482044937792,530
690,embedding_690,0.0002858350348842592,531
539,embedding_539,0.00028556429306171154,532
358,embedding_358,0.0002847851965595003,533
1084,embedding_1084,0.0002843327497687492,534
729,embedding_729,0.00028409529701380314,535
1095,embedding_1095,0.0002831745663780934,536
25,embedding_25,0.0002829042416746256,537
808,embedding_808,0.0002826851682071194,538
1047,embedding_1047,0.000282569774696078,539
866,embedding_866,0.0002824191211941861,540
158,embedding_158,0.0002813302931598311,541
698,embedding_698,0.00028113509923303424,542
542,embedding_542,0.0002810385706554012,543
653,embedding_653,0.00028065880376283025,544
569,embedding_569,0.00028044674695234026,545
228,embedding_228,0.00027990659913570016,546
602,embedding_602,0.0002793270878288019,547
390,embedding_390,0.0002791419220020049,548
1101,embedding_1101,0.00027898886250166393,549
233,embedding_233,0.0002788880779145212,550
1193,embedding_1193,0.0002787969994012875,551
23,embedding_23,0.0002777694183859899,552
294,embedding_294,0.0002763413663669242,553
237,embedding_237,0.0002755991160608082,554
1118,embedding_1118,0.0002750779753210785,555
630,embedding_630,0.00027344815318634916,556
1098,embedding_1098,0.0002718685813380998,557
985,embedding_985,0.0002694174789863836,558
314,embedding_314,0.0002688084323900933,559
172,embedding_172,0.00026813212053275264,560
313,embedding_313,0.00026790053095346664,561
185,embedding_185,0.0002678880435692204,562
663,embedding_663,0.00026696597674333354,563
513,embedding_513,0.00026656007060486147,564
366,embedding_366,0.0002658803470415139,565
94,embedding_94,0.0002654333141585547,566
535,embedding_535,0.0002653731617455167,567
424,embedding_424,0.0002649463717583733,568
15,embedding_15,0.00026454605287112366,569
471,embedding_471,0.0002644107416548445,570
738,embedding_738,0.000264282902236246,571
363,embedding_363,0.0002625185547643521,572
132,embedding_132,0.00026248667756617724,573
896,embedding_896,0.00026087378769239623,574
841,embedding_841,0.00026048151676786235,575
295,embedding_295,0.00025887892186381324,576
142,embedding_142,0.00025824785679745213,577
145,embedding_145,0.0002571977087652408,578
842,embedding_842,0.0002569908418933612,579
1173,embedding_1173,0.0002568913251746302,580
766,embedding_766,0.000255736030214669,581
35,embedding_35,0.0002541814225101703,582
692,embedding_692,0.0002536387164970203,583
311,embedding_311,0.0002527767258790482,584
524,embedding_524,0.0002527236506508765,585
134,embedding_134,0.0002517269274337876,586
1213,embedding_1213,0.00025172547310764226,587
213,embedding_213,0.00025165211639310056,588
538,embedding_538,0.00025095293111794564,589
14,embedding_14,0.00025039596592760243,590
376,embedding_376,0.0002503536195588231,591
819,embedding_819,0.0002495444125249183,592
638,embedding_638,0.00024947211946746634,593
993,embedding_993,0.0002492861242592096,594
948,embedding_948,0.0002491758502164938,595
586,embedding_586,0.00024910302585066664,596
37,embedding_37,0.00024897042198542387,597
461,embedding_461,0.00024867276934562325,598
239,embedding_239,0.00024836091202866796,599
1228,embedding_1228,0.0002474078277153606,600
270,embedding_270,0.0002467996612486325,601
1110,embedding_1110,0.0002462164270729556,602
750,embedding_750,0.0002461160480100898,603
906,embedding_906,0.0002460568173184072,604
655,embedding_655,0.0002451577577688834,605
168,embedding_168,0.0002448303843670422,606
329,embedding_329,0.0002445923695567939,607
807,embedding_807,0.0002445862446965535,608
67,embedding_67,0.00024349738071246474,609
851,embedding_851,0.00024345367830409212,610
1217,embedding_1217,0.0002425142968660042,611
767,embedding_767,0.00024182917005566887,612
731,embedding_731,0.00024170812756143647,613
920,embedding_920,0.00024163937122727232,614
1063,embedding_1063,0.00024128300948073007,615
624,embedding_624,0.0002410934600652407,616
516,embedding_516,0.00024082526006364788,617
684,embedding_684,0.00024043829498908678,618
1251,embedding_1251,0.0002387059052183133,619
1062,embedding_1062,0.00023834870838838315,620
30,embedding_30,0.00023806379058923115,621
502,embedding_502,0.0002379094141690996,622
1263,embedding_1263,0.00023678674282301133,623
307,embedding_307,0.00023656026669679217,624
251,embedding_251,0.0002353513655754695,625
402,embedding_402,0.00023446833731432463,626
1008,embedding_1008,0.0002342772910529738,627
1216,embedding_1216,0.00023403346128385513,628
405,embedding_405,0.0002338636459626256,629
155,embedding_155,0.0002332697256220654,630
1162,embedding_1162,0.0002324390642807736,631
1211,embedding_1211,0.00023206003639158354,632
712,embedding_712,0.0002319770299323411,633
259,embedding_259,0.00023190179205449403,634
50,embedding_50,0.00023173932564210102,635
894,embedding_894,0.0002306327081755365,636
582,embedding_582,0.0002304513518836878,637
397,embedding_397,0.00023026632905129405,638
979,embedding_979,0.00022985886001968017,639
673,embedding_673,0.0002292862327671666,640
488,embedding_488,0.00022863627956857863,641
1013,embedding_1013,0.00022844139206390865,642
623,embedding_623,0.00022837114071266922,643
676,embedding_676,0.000227623893011131,644
549,embedding_549,0.00022761356864936153,645
909,embedding_909,0.0002273122087353679,646
395,embedding_395,0.00022710974268424589,647
312,embedding_312,0.0002261707099455448,648
43,embedding_43,0.00022547040949961165,649
1160,embedding_1160,0.00022537176589485576,650
410,embedding_410,0.0002247748140391684,651
778,embedding_778,0.00022398862914379782,652
831,embedding_831,0.00022386023162016217,653
467,embedding_467,0.00022364628617891212,654
417,embedding_417,0.00022355087070141904,655
804,embedding_804,0.0002230393899708081,656
805,embedding_805,0.0002229864118310975,657
95,embedding_95,0.00022277925905942012,658
775,embedding_775,0.00022207255559726082,659
1262,embedding_1262,0.0002219393795421451,660
510,embedding_510,0.0002216870317572259,661
1015,embedding_1015,0.00022117890220094103,662
518,embedding_518,0.0002211763277942583,663
269,embedding_269,0.00022068643827749383,664
1200,embedding_1200,0.00022050157345081495,665
659,embedding_659,0.00021923498529986582,666
1133,embedding_1133,0.00021880308124417596,667
728,embedding_728,0.00021875348565462207,668
458,embedding_458,0.00021806862507112783,669
757,embedding_757,0.00021740940618709335,670
1093,embedding_1093,0.00021703448002827465,671
581,embedding_581,0.00021701820425071392,672
889,embedding_889,0.00021701643207452904,673
747,embedding_747,0.00021614529187333623,674
1037,embedding_1037,0.00021588377236607574,675
558,embedding_558,0.00021579886184536264,676
918,embedding_918,0.00021518351100734367,677
375,embedding_375,0.00021489872747804746,678
1182,embedding_1182,0.00021440032828192357,679
445,embedding_445,0.00021290020672706418,680
1054,embedding_1054,0.000211579722438936,681
121,embedding_121,0.0002112958065436461,682
600,embedding_600,0.0002110668679965148,683
1250,embedding_1250,0.00021105722016399766,684
164,embedding_164,0.00021013987509713094,685
1061,embedding_1061,0.0002100201181815766,686
541,embedding_541,0.00020985944050857632,687
365,embedding_365,0.000209334718988704,688
813,embedding_813,0.00020909275336568982,689
872,embedding_872,0.00020906265940539353,690
484,embedding_484,0.00020906243725447388,691
55,embedding_55,0.00020888803449313584,692
442,embedding_442,0.00020856103684375045,693
996,embedding_996,0.00020775175610978513,694
59,embedding_59,0.00020752375070177888,695
1194,embedding_1194,0.00020742790015870603,696
177,embedding_177,0.0002067711470194195,697
36,embedding_36,0.00020671294174234842,698
183,embedding_183,0.00020644593784293645,699
109,embedding_109,0.00020643131567996551,700
268,embedding_268,0.00020638061405290936,701
1023,embedding_1023,0.0002059472164921325,702
609,embedding_609,0.00020579862363058092,703
1137,embedding_1137,0.000205625323836866,704
353,embedding_353,0.00020470156601454568,705
1032,embedding_1032,0.00020459807811781585,706
670,embedding_670,0.00020378563727001055,707
499,embedding_499,0.00020377460871035484,708
167,embedding_167,0.00020194533382103874,709
2,embedding_2,0.00020177010501708738,710
216,embedding_216,0.00020176559943801316,711
669,embedding_669,0.00020158514163823752,712
163,embedding_163,0.00020083267636898715,713
824,embedding_824,0.00020049581286610258,714
921,embedding_921,0.00019994941251357237,715
4,embedding_4,0.00019984033299577504,716
244,embedding_244,0.00019957158459666055,717
580,embedding_580,0.00019946397933319485,718
677,embedding_677,0.00019940667270107942,719
679,embedding_679,0.00019881273466962164,720
276,embedding_276,0.0001988022330220798,721
936,embedding_936,0.0001976416516661459,722
821,embedding_821,0.0001974789201874692,723
665,embedding_665,0.0001967248573670452,724
232,embedding_232,0.00019568135122457618,725
1026,embedding_1026,0.00019543951804446556,726
473,embedding_473,0.00019539942900624087,727
336,embedding_336,0.00019497479460465423,728
187,embedding_187,0.00019492948704030434,729
346,embedding_346,0.00019472549685166794,730
575,embedding_575,0.0001941768298941182,731
935,embedding_935,0.0001936663858281133,732
882,embedding_882,0.0001927381909305459,733
218,embedding_218,0.000192598349694271,734
523,embedding_523,0.0001925858746744612,735
951,embedding_951,0.00019196698578802238,736
1031,embedding_1031,0.00019162445781198648,737
236,embedding_236,0.0001914500762137547,738
1155,embedding_1155,0.000191390589510622,739
204,embedding_204,0.00019106295574103594,740
193,embedding_193,0.0001904395843186435,741
1258,embedding_1258,0.0001902930128236513,742
926,embedding_926,0.00018907167212592858,743
243,embedding_243,0.00018783263407311416,744
389,embedding_389,0.00018757193539070297,745
995,embedding_995,0.00018747762336446684,746
235,embedding_235,0.00018728444840488605,747
355,embedding_355,0.00018722738194243226,748
266,embedding_266,0.00018696355575522348,749
1207,embedding_1207,0.000186763923862746,750
258,embedding_258,0.00018668550735398596,751
250,embedding_250,0.0001859010925435673,752
1172,embedding_1172,0.00018586453851449463,753
924,embedding_924,0.0001858472079997151,754
343,embedding_343,0.00018575518983563851,755
508,embedding_508,0.00018570490435007854,756
777,embedding_777,0.00018472525455812534,757
527,embedding_527,0.00018457068190675348,758
585,embedding_585,0.0001839293860264839,759
231,embedding_231,0.00018335040935633557,760
1002,embedding_1002,0.00018317224345373861,761
191,embedding_191,0.00018315667561316594,762
537,embedding_537,0.00018291421326316971,763
418,embedding_418,0.00018261154405805165,764
1074,embedding_1074,0.000182428959380688,765
762,embedding_762,0.00018213470578611827,766
414,embedding_414,0.00018137522144417718,767
345,embedding_345,0.00017957378282655234,768
299,embedding_299,0.00017934700560537877,769
618,embedding_618,0.0001788542631291646,770
106,embedding_106,0.0001787654079749886,771
1029,embedding_1029,0.00017867413518966575,772
122,embedding_122,0.0001786583708932029,773
203,embedding_203,0.0001781771427394763,774
566,embedding_566,0.00017804509113139209,775
852,embedding_852,0.00017725896056329383,776
1120,embedding_1120,0.00017723286849303428,777
795,embedding_795,0.0001771218535131138,778
865,embedding_865,0.0001769541295003835,779
437,embedding_437,0.00017601674872224697,780
693,embedding_693,0.00017561839804874614,781
315,embedding_315,0.00017485324068522185,782
723,embedding_723,0.00017444217024813812,783
1075,embedding_1075,0.00017398088601624568,784
455,embedding_455,0.00017387857193952908,785
990,embedding_990,0.0001735416496888069,786
647,embedding_647,0.00017290510753599356,787
564,embedding_564,0.00017272443025367364,788
568,embedding_568,0.00017209933534976775,789
1214,embedding_1214,0.00017189762157130762,790
1138,embedding_1138,0.00017176944429838858,791
1059,embedding_1059,0.0001713513607834887,792
18,embedding_18,0.00017123340376674824,793
1058,embedding_1058,0.00017016591466540747,794
1184,embedding_1184,0.0001699866192937877,795
81,embedding_81,0.00016979730043808483,796
490,embedding_490,0.00016880959405571165,797
1156,embedding_1156,0.0001686566199560214,798
1109,embedding_1109,0.00016809279209927197,799
135,embedding_135,0.0001679072695769444,800
1066,embedding_1066,0.00016790652234248207,801
449,embedding_449,0.00016714034711108383,802
660,embedding_660,0.00016706813851657853,803
861,embedding_861,0.00016664471523063885,804
131,embedding_131,0.00016601084227213915,805
796,embedding_796,0.00016557698449190913,806
1079,embedding_1079,0.000165069808996598,807
978,embedding_978,0.0001645124056142091,808
1215,embedding_1215,0.00016435082065639363,809
1146,embedding_1146,0.00016431281414137919,810
1083,embedding_1083,0.00016423564522990302,811
104,embedding_104,0.0001634793033617718,812
1034,embedding_1034,0.0001630831391313367,813
1158,embedding_1158,0.00016290369780708511,814
178,embedding_178,0.00016265935878707335,815
1106,embedding_1106,0.0001623432963167093,816
876,embedding_876,0.00016219845208427372,817
977,embedding_977,0.00016146604285208337,818
139,embedding_139,0.0001611771356761321,819
846,embedding_846,0.00016101894357983614,820
736,embedding_736,0.00016068469558870946,821
885,embedding_885,0.00016038946083552026,822
721,embedding_721,0.0001603207164173673,823
1017,embedding_1017,0.00015959094169324853,824
559,embedding_559,0.00015954319804618741,825
241,embedding_241,0.00015921542512101664,826
58,embedding_58,0.0001588327080333422,827
588,embedding_588,0.00015878762907568116,828
33,embedding_33,0.00015805303012042852,829
1033,embedding_1033,0.00015748941442312117,830
533,embedding_533,0.00015569195875686699,831
972,embedding_972,0.00015557862585408413,832
1201,embedding_1201,0.00015538121805991117,833
425,embedding_425,0.0001549111528966897,834
224,embedding_224,0.00015391497475726596,835
934,embedding_934,0.00015320064116884763,836
532,embedding_532,0.0001529732079436733,837
401,embedding_401,0.00015295840667246686,838
652,embedding_652,0.00015277498261244312,839
908,embedding_908,0.0001520753731133047,840
1068,embedding_1068,0.00015184401834996517,841
208,embedding_208,0.00015166916641885778,842
154,embedding_154,0.00015156163542752457,843
925,embedding_925,0.00015122367621590567,844
786,embedding_786,0.00015111405510107,845
696,embedding_696,0.0001509031026154445,846
515,embedding_515,0.00015063251374233482,847
47,embedding_47,0.00015049105609928363,848
429,embedding_429,0.00015022712466410167,849
249,embedding_249,0.0001501934072991248,850
517,embedding_517,0.0001499394865571266,851
850,embedding_850,0.00014988423326420282,852
1140,embedding_1140,0.0001498624640273154,853
553,embedding_553,0.0001496240153292436,854
1191,embedding_1191,0.00014938827125221817,855
1178,embedding_1178,0.00014914729225244436,856
1233,embedding_1233,0.00014846788843887775,857
272,embedding_272,0.00014815598727257366,858
221,embedding_221,0.00014796790772901388,859
271,embedding_271,0.0001474313219445169,860
359,embedding_359,0.00014706736575261542,861
1020,embedding_1020,0.00014671689133126525,862
550,embedding_550,0.0001463314933473024,863
682,embedding_682,0.00014553978317275725,864
400,embedding_400,0.00014529569854406928,865
943,embedding_943,0.00014457944996178315,866
386,embedding_386,0.00014344314908750538,867
93,embedding_93,0.00014302539459586412,868
608,embedding_608,0.00014283394995256166,869
843,embedding_843,0.00014267908189545463,870
892,embedding_892,0.000142632512734712,871
96,embedding_96,0.0001424591764036914,872
137,embedding_137,0.0001423595224704245,873
289,embedding_289,0.0001423001305271334,874
1198,embedding_1198,0.0001421648185498922,875
700,embedding_700,0.00014207202350057828,876
440,embedding_440,0.0001417046083207036,877
214,embedding_214,0.0001411191809010231,878
326,embedding_326,0.0001407317481682941,879
1164,embedding_1164,0.00014048115230606657,880
1005,embedding_1005,0.0001404377614408074,881
5,embedding_5,0.00014010907338562643,882
173,embedding_173,0.00014000190843390945,883
140,embedding_140,0.00013983084930839178,884
1025,embedding_1025,0.00013976063794191764,885
387,embedding_387,0.0001394191676448475,886
651,embedding_651,0.00013873745523479143,887
683,embedding_683,0.00013866031617295056,888
986,embedding_986,0.00013861703475222955,889
368,embedding_368,0.0001385916753311611,890
983,embedding_983,0.00013718119789314637,891
427,embedding_427,0.0001368931069799128,892
672,embedding_672,0.00013680325238917988,893
511,embedding_511,0.0001366508906710619,894
196,embedding_196,0.00013660343306802912,895
17,embedding_17,0.00013651862345550342,896
52,embedding_52,0.00013616919348594938,897
129,embedding_129,0.00013600343649819264,898
753,embedding_753,0.00013520147390379947,899
1187,embedding_1187,0.00013510519193720027,900
202,embedding_202,0.00013445930219486475,901
474,embedding_474,0.00013383714721999633,902
431,embedding_431,0.00013327151605851452,903
257,embedding_257,0.00013306607493614872,904
812,embedding_812,0.00013269606158856125,905
49,embedding_49,0.0001325648314848017,906
1044,embedding_1044,0.00013247231547166,907
966,embedding_966,0.00013226861269534376,908
674,embedding_674,0.00013205513304839715,909
1144,embedding_1144,0.00013195823925665325,910
953,embedding_953,0.00013174519441390948,911
1257,embedding_1257,0.00013167319837447647,912
383,embedding_383,0.00013047508475331048,913
254,embedding_254,0.00013013205845963853,914
1060,embedding_1060,0.00012994733394771147,915
495,embedding_495,0.00012982139117037085,916
635,embedding_635,0.00012967706356852013,917
1226,embedding_1226,0.00012947828873419292,918
330,embedding_330,0.00012895083623535005,919
506,embedding_506,0.0001289191779257628,920
1096,embedding_1096,0.0001287782651962535,921
1274,embedding_1274,0.00012871641922514252,922
1147,embedding_1147,0.00012856560648436406,923
351,embedding_351,0.00012821120725798403,924
350,embedding_350,0.00012790809143892548,925
691,embedding_691,0.00012770038056960438,926
788,embedding_788,0.00012736536438562866,927
369,embedding_369,0.00012707321244163604,928
323,embedding_323,0.0001268853405440905,929
1099,embedding_1099,0.00012656243784136027,930
274,embedding_274,0.00012648686461766214,931
570,embedding_570,0.0001257894174911842,932
997,embedding_997,0.00012576621541216172,933
69,embedding_69,0.00012567703792670326,934
1236,embedding_1236,0.00012517052922070396,935
695,embedding_695,0.00012494428932821003,936
886,embedding_886,0.0001247813044646396,937
57,embedding_57,0.0001246671797489811,938
198,embedding_198,0.00012436902907473328,939
833,embedding_833,0.00012415693002142312,940
39,embedding_39,0.0001240120816764274,941
1009,embedding_1009,0.00012396377204961168,942
157,embedding_157,0.00012393935803495836,943
497,embedding_497,0.00012344054928326712,944
453,embedding_453,0.00012217097269845992,945
1069,embedding_1069,0.00012168795483871881,946
667,embedding_667,0.00012153049955936018,947
9,embedding_9,0.00012115547703216937,948
493,embedding_493,0.00012102714305349447,949
939,embedding_939,0.0001203949057483346,950
617,embedding_617,0.00012016850002890778,951
462,embedding_462,0.00012008342809547757,952
705,embedding_705,0.00011942556127818336,953
99,embedding_99,0.00011933927995432764,954
357,embedding_357,0.0001193181577875585,955
245,embedding_245,0.00011925225178865018,956
622,embedding_622,0.00011901825915821608,957
530,embedding_530,0.00011900556537682656,958
105,embedding_105,0.00011898934348468864,959
501,embedding_501,0.00011839472504649689,960
822,embedding_822,0.00011820424100222975,961
349,embedding_349,0.00011816497001374541,962
485,embedding_485,0.00011814136305826206,963
899,embedding_899,0.00011788000831095178,964
45,embedding_45,0.0001169986650238426,965
347,embedding_347,0.00011682342827561308,966
855,embedding_855,0.00011656793948678074,967
1240,embedding_1240,0.00011605965902659498,968
1127,embedding_1127,0.00011524602898249105,969
110,embedding_110,0.00011510079725063041,970
344,embedding_344,0.0001147076624549677,971
296,embedding_296,0.00011469749127180454,972
72,embedding_72,0.00011467571783354175,973
883,embedding_883,0.0001145612317882186,974
434,embedding_434,0.00011313349676306237,975
1254,embedding_1254,0.0001130420295547669,976
1150,embedding_1150,0.00011231766143303682,977
374,embedding_374,0.00011149420537222357,978
456,embedding_456,0.00011042792421891984,979
452,embedding_452,0.00011019867536863691,980
1238,embedding_1238,0.00011007718664369565,981
768,embedding_768,0.00010948216045736882,982
832,embedding_832,0.0001088190261820143,983
562,embedding_562,0.00010868656233024347,984
143,embedding_143,0.00010734678826144728,985
219,embedding_219,0.0001073089074696618,986
1107,embedding_1107,0.00010729002802931173,987
162,embedding_162,0.00010691752717689218,988
769,embedding_769,0.00010634854774519078,989
362,embedding_362,0.00010613427079110153,990
806,embedding_806,0.00010605574658972578,991
1052,embedding_1052,0.00010569523263536029,992
1076,embedding_1076,0.00010386817942643769,993
919,embedding_919,0.00010380822865361216,994
874,embedding_874,0.00010318208133823685,995
413,embedding_413,0.00010243191971312849,996
640,embedding_640,0.00010240036633310165,997
1159,embedding_1159,0.0001022678089482167,998
512,embedding_512,0.00010217582252928928,999
965,embedding_965,0.00010174718901963111,1000
406,embedding_406,0.00010152226824668777,1001
475,embedding_475,0.00010117659784706955,1002
1195,embedding_1195,0.00010109167358376511,1003
1253,embedding_1253,9.951086715757951e-05,1004
273,embedding_273,9.949528270649428e-05,1005
875,embedding_875,9.872828356198492e-05,1006
546,embedding_546,9.857504799144397e-05,1007
103,embedding_103,9.836253125239092e-05,1008
504,embedding_504,9.81954151645419e-05,1009
987,embedding_987,9.79602199038579e-05,1010
101,embedding_101,9.714759830268975e-05,1011
166,embedding_166,9.692215600123689e-05,1012
632,embedding_632,9.682200120710412e-05,1013
815,embedding_815,9.601724245159881e-05,1014
1260,embedding_1260,9.570958007983276e-05,1015
432,embedding_432,9.529379394281805e-05,1016
1043,embedding_1043,9.495767670289292e-05,1017
281,embedding_281,9.484552430760547e-05,1018
416,embedding_416,9.4793707349496e-05,1019
138,embedding_138,9.426815772944838e-05,1020
77,embedding_77,9.402671210064502e-05,1021
578,embedding_578,9.369231084737153e-05,1022
980,embedding_980,9.330188257983182e-05,1023
790,embedding_790,9.284304015648341e-05,1024
79,embedding_79,9.227630890621872e-05,1025
309,embedding_309,9.222962585978617e-05,1026
1072,embedding_1072,9.191938251857596e-05,1027
426,embedding_426,9.158208748384156e-05,1028
863,embedding_863,9.15379859996986e-05,1029
283,embedding_283,9.11106447745401e-05,1030
954,embedding_954,9.100821430959002e-05,1031
938,embedding_938,9.070218430692255e-05,1032
543,embedding_543,9.027020159801344e-05,1033
540,embedding_540,9.00406519289521e-05,1034
797,embedding_797,8.995240746333158e-05,1035
598,embedding_598,8.987032939375882e-05,1036
1167,embedding_1167,8.986048562881357e-05,1037
1123,embedding_1123,8.98194211750995e-05,1038
870,embedding_870,8.974916535253568e-05,1039
771,embedding_771,8.950778469121107e-05,1040
774,embedding_774,8.896874275461527e-05,1041
303,embedding_303,8.844180251042137e-05,1042
1139,embedding_1139,8.838934535898864e-05,1043
11,embedding_11,8.836351565826376e-05,1044
382,embedding_382,8.791722655532708e-05,1045
739,embedding_739,8.776702695836047e-05,1046
1073,embedding_1073,8.76326130582822e-05,1047
463,embedding_463,8.737718784782042e-05,1048
536,embedding_536,8.693900275457848e-05,1049
962,embedding_962,8.660463087332815e-05,1050
702,embedding_702,8.644687601467878e-05,1051
430,embedding_430,8.642212971066103e-05,1052
1169,embedding_1169,8.628837474058108e-05,1053
713,embedding_713,8.572453379862072e-05,1054
1163,embedding_1163,8.559656764761138e-05,1055
331,embedding_331,8.534669625513938e-05,1056
22,embedding_22,8.498729497440072e-05,1057
481,embedding_481,8.47470517494427e-05,1058
306,embedding_306,8.398626515192572e-05,1059
565,embedding_565,8.386617671995052e-05,1060
85,embedding_85,8.378937470810797e-05,1061
169,embedding_169,8.363463600382569e-05,1062
963,embedding_963,8.338689441377546e-05,1063
385,embedding_385,8.332283970884678e-05,1064
189,embedding_189,8.325942701340426e-05,1065
1071,embedding_1071,8.306161522782432e-05,1066
1220,embedding_1220,8.298352019206714e-05,1067
849,embedding_849,8.275539454048686e-05,1068
639,embedding_639,8.267319224463185e-05,1069
744,embedding_744,8.249014168221184e-05,1070
354,embedding_354,8.221549770731777e-05,1071
275,embedding_275,8.199654397081919e-05,1072
188,embedding_188,8.185035317457358e-05,1073
28,embedding_28,8.171003945632996e-05,1074
98,embedding_98,8.166196093375264e-05,1075
773,embedding_773,8.131029149805783e-05,1076
1142,embedding_1142,8.122918622143625e-05,1077
879,embedding_879,8.099265155439998e-05,1078
519,embedding_519,8.096971746856517e-05,1079
447,embedding_447,8.07746113211124e-05,1080
1050,embedding_1050,8.052906701067949e-05,1081
267,embedding_267,7.949746528618283e-05,1082
681,embedding_681,7.927026793609492e-05,1083
688,embedding_688,7.914262775914147e-05,1084
791,embedding_791,7.908286128618392e-05,1085
491,embedding_491,7.907630638040188e-05,1086
1208,embedding_1208,7.906796584546964e-05,1087
572,embedding_572,7.903663353200756e-05,1088
928,embedding_928,7.88614526948199e-05,1089
56,embedding_56,7.859955524714825e-05,1090
152,embedding_152,7.836583222639079e-05,1091
992,embedding_992,7.719264075189425e-05,1092
0,embedding_0,7.645487269782955e-05,1093
776,embedding_776,7.562807003761662e-05,1094
649,embedding_649,7.526981294041796e-05,1095
304,embedding_304,7.516725995970493e-05,1096
1269,embedding_1269,7.514514180294585e-05,1097
48,embedding_48,7.483576518642206e-05,1098
551,embedding_551,7.441990528559256e-05,1099
576,embedding_576,7.422418585644632e-05,1100
603,embedding_603,7.418465241955121e-05,1101
361,embedding_361,7.388478359527482e-05,1102
891,embedding_891,7.354734129603276e-05,1103
988,embedding_988,7.283695865930162e-05,1104
1196,embedding_1196,7.144439067426724e-05,1105
1181,embedding_1181,7.12452236402798e-05,1106
1087,embedding_1087,7.100892607126639e-05,1107
914,embedding_914,7.048636254313979e-05,1108
19,embedding_19,7.040982557455151e-05,1109
666,embedding_666,6.969452608723317e-05,1110
858,embedding_858,6.932105817240901e-05,1111
522,embedding_522,6.929525308318605e-05,1112
619,embedding_619,6.912923932329769e-05,1113
1205,embedding_1205,6.911724984188169e-05,1114
708,embedding_708,6.901705079959742e-05,1115
615,embedding_615,6.869894577834945e-05,1116
407,embedding_407,6.8544705734297e-05,1117
594,embedding_594,6.818746383478574e-05,1118
487,embedding_487,6.713531199252447e-05,1119
531,embedding_531,6.658108278709389e-05,1120
743,embedding_743,6.555476511444544e-05,1121
1111,embedding_1111,6.484879325324315e-05,1122
261,embedding_261,6.398002597117442e-05,1123
1145,embedding_1145,6.37920542703939e-05,1124
480,embedding_480,6.34923423075071e-05,1125
242,embedding_242,6.342895870689535e-05,1126
984,embedding_984,6.331650719442215e-05,1127
592,embedding_592,6.260162565682128e-05,1128
1114,embedding_1114,6.24144099825452e-05,1129
1108,embedding_1108,6.220026349937337e-05,1130
1024,embedding_1024,6.207052306518733e-05,1131
1275,embedding_1275,6.202063719475809e-05,1132
1088,embedding_1088,6.150482880560058e-05,1133
1209,embedding_1209,6.121837084350789e-05,1134
1105,embedding_1105,6.116255290200701e-05,1135
1157,embedding_1157,6.0853598975514934e-05,1136
929,embedding_929,6.0735322158100646e-05,1137
297,embedding_297,5.978980728775559e-05,1138
730,embedding_730,5.9698879167293426e-05,1139
552,embedding_552,5.95828100153556e-05,1140
830,embedding_830,5.9425457079265944e-05,1141
620,embedding_620,5.931489588252058e-05,1142
1119,embedding_1119,5.9266293801161424e-05,1143
1006,embedding_1006,5.9241650296424075e-05,1144
63,embedding_63,5.91584776184302e-05,1145
222,embedding_222,5.8920714618858336e-05,1146
1166,embedding_1166,5.8365190400714896e-05,1147
21,embedding_21,5.790774078946922e-05,1148
1019,embedding_1019,5.768272229162729e-05,1149
398,embedding_398,5.749434631898644e-05,1150
890,embedding_890,5.71819243799859e-05,1151
844,embedding_844,5.666331112103406e-05,1152
470,embedding_470,5.658516634283261e-05,1153
80,embedding_80,5.6330698041214415e-05,1154
287,embedding_287,5.5984099360751294e-05,1155
392,embedding_392,5.593403756052817e-05,1156
1245,embedding_1245,5.59306728220707e-05,1157
1249,embedding_1249,5.576295304367113e-05,1158
834,embedding_834,5.57482235096844e-05,1159
227,embedding_227,5.566163851192182e-05,1160
482,embedding_482,5.510582528123387e-05,1161
384,embedding_384,5.4501757233845586e-05,1162
1234,embedding_1234,5.367052495742312e-05,1163
717,embedding_717,5.352225669619619e-05,1164
1131,embedding_1131,5.351841062093519e-05,1165
903,embedding_903,5.270019152580866e-05,1166
70,embedding_70,5.203962332847814e-05,1167
1048,embedding_1048,5.1985009766467445e-05,1168
42,embedding_42,5.165542048740339e-05,1169
589,embedding_589,5.049250812112359e-05,1170
1081,embedding_1081,5.034851229564864e-05,1171
999,embedding_999,5.02073289359928e-05,1172
1014,embedding_1014,4.9782564346429165e-05,1173
1247,embedding_1247,4.8719059094338776e-05,1174
1192,embedding_1192,4.795148881269834e-05,1175
300,embedding_300,4.7819499311424825e-05,1176
367,embedding_367,4.7566507558683205e-05,1177
802,embedding_802,4.7116623822807254e-05,1178
560,embedding_560,4.6724584541584545e-05,1179
937,embedding_937,4.627679632925285e-05,1180
293,embedding_293,4.6066445634021494e-05,1181
952,embedding_952,4.553613622921319e-05,1182
160,embedding_160,4.5334034656115214e-05,1183
373,embedding_373,4.46772368835818e-05,1184
864,embedding_864,4.462338392961174e-05,1185
817,embedding_817,4.4528613827181315e-05,1186
868,embedding_868,4.421023952970689e-05,1187
595,embedding_595,4.3983248661993545e-05,1188
826,embedding_826,4.3938178687994995e-05,1189
611,embedding_611,4.359844825279404e-05,1190
316,embedding_316,4.308723385404457e-05,1191
689,embedding_689,4.2645198169902027e-05,1192
809,embedding_809,4.231432855050387e-05,1193
1179,embedding_1179,4.193928197492505e-05,1194
521,embedding_521,4.1801665898271286e-05,1195
148,embedding_148,4.142681334879032e-05,1196
310,embedding_310,4.1395096400193566e-05,1197
20,embedding_20,4.116199079422532e-05,1198
703,embedding_703,4.093168721343657e-05,1199
415,embedding_415,4.046282093768294e-05,1200
782,embedding_782,4.0461961860923515e-05,1201
277,embedding_277,4.0292358226915626e-05,1202
317,embedding_317,4.01778458605132e-05,1203
1225,embedding_1225,3.989826551743174e-05,1204
573,embedding_573,3.983789033698866e-05,1205
1011,embedding_1011,3.96457986357312e-05,1206
1104,embedding_1104,3.9004680776638615e-05,1207
238,embedding_238,3.8773212582003524e-05,1208
1180,embedding_1180,3.853521507521868e-05,1209
136,embedding_136,3.7862428593438935e-05,1210
641,embedding_641,3.742772566511994e-05,1211
916,embedding_916,3.666308801492502e-05,1212
1100,embedding_1100,3.601615337961802e-05,1213
247,embedding_247,3.5996523855028636e-05,1214
433,embedding_433,3.567718528071672e-05,1215
428,embedding_428,3.5452988253732875e-05,1216
421,embedding_421,3.458977282469866e-05,1217
840,embedding_840,3.396041828380165e-05,1218
961,embedding_961,3.378332543634679e-05,1219
900,embedding_900,3.370037405574328e-05,1220
197,embedding_197,3.2620256411215146e-05,1221
420,embedding_420,3.2084087162962455e-05,1222
763,embedding_763,3.194932676845552e-05,1223
1246,embedding_1246,3.107417146387832e-05,1224
451,embedding_451,3.0154837005920776e-05,1225
1085,embedding_1085,2.9990286575964967e-05,1226
898,embedding_898,2.9678999161682434e-05,1227
477,embedding_477,2.9209313338368477e-05,1228
931,embedding_931,2.9199514297607298e-05,1229
78,embedding_78,2.908476587113857e-05,1230
465,embedding_465,2.8685538040411107e-05,1231
754,embedding_754,2.795008846174787e-05,1232
1271,embedding_1271,2.747929144680404e-05,1233
857,embedding_857,2.7438469888816713e-05,1234
685,embedding_685,2.7297357405429443e-05,1235
780,embedding_780,2.6327183575448202e-05,1236
710,embedding_710,2.620226363410094e-05,1237
1224,embedding_1224,2.4831075480325088e-05,1238
816,embedding_816,2.447660616221918e-05,1239
438,embedding_438,2.439032637931156e-05,1240
625,embedding_625,2.4137264108135416e-05,1241
1094,embedding_1094,2.313278171268399e-05,1242
509,embedding_509,2.2798896179775013e-05,1243
845,embedding_845,2.2318102020223323e-05,1244
40,embedding_40,2.2296479322255462e-05,1245
596,embedding_596,2.211027550151077e-05,1246
472,embedding_472,2.1656591100099156e-05,1247
446,embedding_446,2.0134776966744036e-05,1248
1091,embedding_1091,1.93698676173615e-05,1249
1135,embedding_1135,1.8877152856214955e-05,1250
751,embedding_751,1.843484668305591e-05,1251
907,embedding_907,1.8271694884377238e-05,1252
848,embedding_848,1.8093291852456083e-05,1253
1000,embedding_1000,1.792084753408037e-05,1254
194,embedding_194,1.7887510414387388e-05,1255
718,embedding_718,1.7624758314927947e-05,1256
423,embedding_423,1.7400540269259722e-05,1257
932,embedding_932,1.6497021355351025e-05,1258
334,embedding_334,1.5845313665568692e-05,1259
604,embedding_604,1.5315508372474337e-05,1260
656,embedding_656,1.5238484581592547e-05,1261
686,embedding_686,1.4747296857542984e-05,1262
1176,embedding_1176,1.4609642122703622e-05,1263
265,embedding_265,1.4527369775800867e-05,1264
41,embedding_41,1.4006415861491567e-05,1265
735,embedding_735,1.3802887624419093e-05,1266
737,embedding_737,1.3167341398735404e-05,1267
404,embedding_404,1.281132682339172e-05,1268
1171,embedding_1171,1.2601648010001077e-05,1269
955,embedding_955,1.2476911115170434e-05,1270
225,embedding_225,1.2316736019226639e-05,1271
190,embedding_190,1.2124025540824173e-05,1272
505,embedding_505,1.1761572167187718e-05,1273
1212,embedding_1212,1.1150911378315975e-05,1274
184,embedding_184,8.543474620341683e-06,1275
1267,embedding_1267,8.016858970525993e-06,1276
733,embedding_733,7.307765906695846e-06,1277
153,embedding_153,6.410161329077937e-06,1278
820,embedding_820,2.5851649250809585e-06,1279
507,embedding_507,2.2021479444940264e-06,1280
