archivo,clase_real,clase_predicha,prob_Black_rot,prob_Esca,prob_Healthy,prob_Leaf_blight,correcto
003d09ef-e16c-4e8a-badf-847d46cb3dc0___FAM_B.Rot 3184.JPG,Black_rot,Black_rot,0.605,0.105,0.005,0.285,True
00cab05d-e87b-4cf6-87d8-284f3ec99626___FAM_B.Rot 3244.JPG,Black_rot,Black_rot,0.945,0.055,0.0,0.0,True
00cff577-afd4-4e36-ac9c-a52aa6ae5949___FAM_B.Rot 0508.JPG,Black_rot,Black_rot,0.74,0.16,0.055,0.045,True
02e135dd-a02e-40a5-a049-4b5fa978445c___FAM_B.Rot 3063.JPG,Black_rot,Black_rot,0.775,0.21,0.005,0.01,True
045e07eb-5005-4943-90f2-bd62525b1076___FAM_B.Rot 3524.JPG,Black_rot,Black_rot,0.74,0.22,0.015,0.025,True
04af92d1-7da1-49a8-aba6-f7110b52a90f___FAM_B.Rot 3546.JPG,Black_rot,Black_rot,0.615,0.36,0.005,0.02,True
06334f9c-abb5-4ded-b731-3588a818ec85___FAM_B.Rot 3497.JPG,Black_rot,Black_rot,0.935,0.055,0.005,0.005,True
08a7300a-1e67-4441-9521-9168d47cd665___FAM_B.Rot 3020.JPG,Black_rot,Black_rot,0.71,0.025,0.02,0.245,True
0aff8add-93ad-4099-97ae-23515744e620___FAM_B.Rot 0748.JPG,Black_rot,Black_rot,0.835,0.06,0.065,0.04,True
0baabe1e-b188-4c55-8f61-0f484f90c73b___FAM_B.Rot 3532.JPG,Black_rot,Black_rot,0.59,0.335,0.015,0.06,True
0bc6da94-2f94-4e4f-8858-b1a855dffbdf___FAM_B.Rot 3420.JPG,Black_rot,Black_rot,0.71,0.26,0.025,0.005,True
0cf5d61f-fb1a-4533-b0aa-f174d2acdc82___FAM_B.Rot 0721.JPG,Black_rot,Black_rot,0.945,0.02,0.01,0.025,True
0d2c5ad5-1a2d-44f9-9be5-1aef9a51fb95___FAM_B.Rot 3469.JPG,Black_rot,Black_rot,0.76,0.175,0.045,0.02,True
0d907173-6ef8-4fbd-b682-f0a7a5263de0___FAM_B.Rot 3298.JPG,Black_rot,Black_rot,0.79,0.01,0.02,0.18,True
0e143d33-adc0-41af-92e2-d0bb712d7b72___FAM_B.Rot 5047.JPG,Black_rot,Black_rot,0.825,0.17,0.0,0.005,True
0ff1ecfd-d94e-4459-b74e-47b82900a0aa___FAM_B.Rot 0329.JPG,Black_rot,Black_rot,0.605,0.28,0.11,0.005,True
1056d6dd-766a-4d2a-8f07-901eb402fa2a___FAM_B.Rot 0539.JPG,Black_rot,Black_rot,0.94,0.055,0.005,0.0,True
127b3861-2889-4bc6-93a6-60ec07c77612___FAM_B.Rot 3615.JPG,Black_rot,Black_rot,0.855,0.05,0.0,0.095,True
141056ca-ab0e-48b7-9495-7b193ccfccb7___FAM_B.Rot 3585.JPG,Black_rot,Black_rot,0.98,0.015,0.0,0.005,True
150f2f38-a17a-4d8b-9ba2-406c8d2e7b8a___FAM_B.Rot 3119.JPG,Black_rot,Black_rot,0.915,0.085,0.0,0.0,True
15970ab4-a9f2-4420-966b-38a0cad8f1dc___FAM_B.Rot 3606.JPG,Black_rot,Black_rot,0.59,0.345,0.04,0.025,True
15a4e7ad-b75d-433a-8bb8-097ab86a71fb___FAM_B.Rot 0515.JPG,Black_rot,Black_rot,0.575,0.075,0.26,0.09,True
18e68e49-97d7-469e-b86f-eb8814aad525___FAM_B.Rot 3328.JPG,Black_rot,Black_rot,0.895,0.1,0.005,0.0,True
19fb3c5f-8c99-40da-96b0-4b66e0f87f04___FAM_B.Rot 3072.JPG,Black_rot,Black_rot,0.755,0.035,0.04,0.17,True
1a6aabd0-7ca8-4074-a457-5a8f3662a7d7___FAM_B.Rot 3539.JPG,Black_rot,Black_rot,0.78,0.045,0.03,0.145,True
1b89066d-0c1a-4e7a-85de-361639737137___FAM_B.Rot 0657.JPG,Black_rot,Black_rot,0.83,0.155,0.0,0.015,True
1cf4f8fe-a820-4f3d-b69b-795e57e03a65___FAM_B.Rot 3438.JPG,Black_rot,Black_rot,0.855,0.06,0.025,0.06,True
1e24a20d-3dbf-42fe-b3ee-0a1281a92159___FAM_B.Rot 0636.JPG,Black_rot,Black_rot,0.77,0.2,0.005,0.025,True
1f3c15b8-5d36-4238-a6d3-f5a23ad8865c___FAM_B.Rot 3514.JPG,Black_rot,Black_rot,0.79,0.07,0.035,0.105,True
1f65cd54-490a-49a4-909c-a648ea5bc8ed___FAM_B.Rot 0498.JPG,Black_rot,Black_rot,0.49,0.485,0.0,0.025,True
1f9c1d18-b444-4f1f-befb-483955c9ff9d___FAM_B.Rot 0572.JPG,Black_rot,Black_rot,0.97,0.02,0.01,0.0,True
20116670-5108-4cd0-a941-b51046151c43___FAM_B.Rot 3551.JPG,Black_rot,Leaf_blight,0.37,0.09,0.0,0.54,False
237405e4-4ba2-486f-b29f-ceed2a217a90___FAM_B.Rot 3225.JPG,Black_rot,Black_rot,0.86,0.13,0.0,0.01,True
23b27c33-a960-4f91-9160-045f3471ff7b___FAM_B.Rot 0430.JPG,Black_rot,Black_rot,0.92,0.075,0.0,0.005,True
2588912e-39a8-40d7-a22c-a4cfdd4d09f5___FAM_B.Rot 3388.JPG,Black_rot,Black_rot,0.815,0.185,0.0,0.0,True
26164e5c-d4d9-469c-a182-e43a7acf843e___FAM_B.Rot 3053.JPG,Black_rot,Black_rot,0.695,0.2,0.09,0.015,True
288b8171-727a-49c5-ac1a-bda4698a284f___FAM_B.Rot 3580.JPG,Black_rot,Black_rot,0.985,0.01,0.0,0.005,True
28e1d198-a1d1-4a3a-90e9-91b783c4c40a___FAM_B.Rot 3061.JPG,Black_rot,Black_rot,0.845,0.07,0.045,0.04,True
2937853b-b9b5-4bb1-8dcc-913403781965___FAM_B.Rot 3565.JPG,Black_rot,Black_rot,0.55,0.295,0.015,0.14,True
2967ce16-10d0-4a61-90af-4d5092c1538e___FAM_B.Rot 3054.JPG,Black_rot,Black_rot,0.73,0.18,0.09,0.0,True
2a23e141-e983-44b0-8898-5c65edf9d44e___FAM_B.Rot 0604.JPG,Black_rot,Black_rot,0.66,0.24,0.055,0.045,True
2aca8f4c-4538-459d-8b6e-c84dfa0baa58___FAM_B.Rot 3247.JPG,Black_rot,Black_rot,0.985,0.015,0.0,0.0,True
2b65c0c7-ceaa-4e42-9bf7-8df56e73e992___FAM_B.Rot 0582.JPG,Black_rot,Black_rot,0.74,0.085,0.075,0.1,True
2d362d18-4de1-4c49-8655-31d553305865___FAM_B.Rot 3485.JPG,Black_rot,Black_rot,0.925,0.005,0.055,0.015,True
2d9c7e4e-a960-4de9-b606-d36c01b89778___FAM_B.Rot 0707.JPG,Black_rot,Black_rot,0.65,0.29,0.02,0.04,True
308370b6-de46-4127-ad4e-ccbc67725881___FAM_B.Rot 3230.JPG,Black_rot,Black_rot,0.735,0.245,0.0,0.02,True
30a4f61a-34ef-4293-87bf-37b0b338c449___FAM_B.Rot 3121.JPG,Black_rot,Black_rot,0.905,0.095,0.0,0.0,True
314a8a7e-9409-4e3c-9be4-e00156db4d19___FAM_B.Rot 3542.JPG,Black_rot,Black_rot,0.895,0.045,0.015,0.045,True
314f0d89-f61c-4076-8584-85f51fdcfb06___FAM_B.Rot 3566.JPG,Black_rot,Black_rot,0.775,0.165,0.005,0.055,True
32ccb28a-15a7-4358-8806-a052914b00e0___FAM_B.Rot 0523.JPG,Black_rot,Black_rot,0.82,0.03,0.04,0.11,True
33a6b4b5-8cc8-4533-b831-eb40c4ec61f9___FAM_B.Rot 3188.JPG,Black_rot,Black_rot,0.635,0.345,0.015,0.005,True
33f329ff-48f1-4c8d-b88c-2fcf9e2a94f7___FAM_B.Rot 3037.JPG,Black_rot,Black_rot,0.845,0.11,0.04,0.005,True
351a2629-8312-47fe-be70-2cd33d7548b5___FAM_B.Rot 3390.JPG,Black_rot,Black_rot,0.835,0.08,0.0,0.085,True
3588f6c1-e117-4f85-b9e5-b2082d6dcf52___FAM_B.Rot 3419.JPG,Black_rot,Black_rot,0.815,0.125,0.04,0.02,True
37556529-d885-49b1-a6dd-7250fdc34592___FAM_B.Rot 3618.JPG,Black_rot,Black_rot,0.735,0.155,0.005,0.105,True
39022631-41f4-4d41-af30-f025f581ff7d___FAM_B.Rot 3285.JPG,Black_rot,Black_rot,0.95,0.045,0.005,0.0,True
39c4aca9-1462-49be-aebe-75dc63cc6ef3___FAM_B.Rot 0355.JPG,Black_rot,Black_rot,0.785,0.005,0.09,0.12,True
39f49e8a-cd72-45bd-bcf5-a25f472fa6ac___FAM_B.Rot 0512.JPG,Black_rot,Black_rot,0.945,0.035,0.01,0.01,True
3a101308-a8fc-4890-9dc9-48ae5a443790___FAM_B.Rot 0362.JPG,Black_rot,Black_rot,0.96,0.03,0.0,0.01,True
3a4dd05d-a912-4c16-a679-f00028a0d7b6___FAM_B.Rot 5011.JPG,Black_rot,Esca,0.45,0.53,0.0,0.02,False
3b54fead-5d85-40bc-a047-60815cde275e___FAM_B.Rot 5015.JPG,Black_rot,Black_rot,0.755,0.225,0.0,0.02,True
3f95e811-027a-4e6b-ab46-7dd5dd4dd2fd___FAM_B.Rot 0758.JPG,Black_rot,Black_rot,0.835,0.085,0.025,0.055,True
3ff156cc-1dca-4adb-9a14-ea922e0cd9d4___FAM_B.Rot 0745.JPG,Black_rot,Black_rot,0.575,0.22,0.15,0.055,True
41683bde-b97c-487c-b342-ed4cf21d129e___FAM_B.Rot 3017.JPG,Black_rot,Black_rot,0.715,0.01,0.025,0.25,True
47590c82-1467-4008-a9a0-27d9f12bada5___FAM_B.Rot 0594.JPG,Black_rot,Black_rot,0.945,0.035,0.015,0.005,True
485c3608-0e75-4c55-acae-65b5c778f6d1___FAM_B.Rot 0333.JPG,Black_rot,Black_rot,0.815,0.03,0.13,0.025,True
49133104-ac26-4ee4-ae4f-5901eff03cfb___FAM_B.Rot 0586.JPG,Black_rot,Black_rot,0.675,0.23,0.005,0.09,True
4a73015b-dbd0-417f-98b3-2016561c9bae___FAM_B.Rot 3577.JPG,Black_rot,Black_rot,0.65,0.11,0.18,0.06,True
4b052d59-caee-4a85-9ebb-27bf987e54b6___FAM_B.Rot 3016.JPG,Black_rot,Black_rot,0.79,0.1,0.05,0.06,True
4b58bd4b-a23c-4677-b52e-5301a120c981___FAM_B.Rot 3150.JPG,Black_rot,Black_rot,0.67,0.24,0.04,0.05,True
4c2cf28e-6bec-4105-bdaf-b36fb046ab3e___FAM_B.Rot 3024.JPG,Black_rot,Black_rot,0.735,0.255,0.0,0.01,True
4c6fe690-8921-42ea-ab54-06bcc21de388___FAM_B.Rot 0505.JPG,Black_rot,Black_rot,0.515,0.44,0.005,0.04,True
4d7a3011-3007-4854-8d1a-12bb807073db___FAM_B.Rot 3283.JPG,Black_rot,Black_rot,0.985,0.015,0.0,0.0,True
4e15bb20-cd99-4a38-b9e8-4a5bd97d8f07___FAM_B.Rot 0719.JPG,Black_rot,Black_rot,0.615,0.36,0.01,0.015,True
4e9dc57c-9d1e-4e31-bb7e-a744a67d98ed___FAM_B.Rot 3263.JPG,Black_rot,Black_rot,0.925,0.06,0.0,0.015,True
4f2e0b9d-ad36-4b62-a475-66f13ce3320b___FAM_B.Rot 0492.JPG,Black_rot,Black_rot,0.755,0.105,0.1,0.04,True
515986ac-032f-479a-a71b-085e2e1d61c7___FAM_B.Rot 3404.JPG,Black_rot,Black_rot,0.805,0.115,0.02,0.06,True
51beded3-3dc0-4f1f-a6b9-45c74612b9a1___FAM_B.Rot 3005.JPG,Black_rot,Black_rot,0.745,0.015,0.0,0.24,True
56fe18c8-e9bf-43ce-b7b8-960400a4555d___FAM_B.Rot 5092.JPG,Black_rot,Black_rot,0.655,0.295,0.0,0.05,True
590a10cc-dab5-4294-93ae-2c6ee606f9b7___FAM_B.Rot 3288.JPG,Black_rot,Black_rot,0.935,0.065,0.0,0.0,True
5982e6f4-421b-41ff-a557-a5f91848695b___FAM_B.Rot 3301.JPG,Black_rot,Black_rot,0.755,0.01,0.03,0.205,True
59c05cb2-313c-41ac-a9bf-d7469bfa3199___FAM_B.Rot 0375.JPG,Black_rot,Black_rot,0.85,0.055,0.035,0.06,True
5c74cb8c-adfa-4221-bbb9-bdc15edebadc___FAM_B.Rot 3086.JPG,Black_rot,Black_rot,0.75,0.225,0.025,0.0,True
5ce9d6df-162c-4488-9b80-eadfcbd1d02c___FAM_B.Rot 0563.JPG,Black_rot,Black_rot,0.96,0.03,0.0,0.01,True
5ffd7e9b-c750-4e10-8046-51d0c866fc8e___FAM_B.Rot 3562.JPG,Black_rot,Black_rot,0.585,0.34,0.01,0.065,True
613cac81-8048-40f7-892f-bb2e496cd7ea___FAM_B.Rot 0620.JPG,Black_rot,Healthy,0.33,0.01,0.385,0.275,False
615114a7-bd90-46f4-a2fe-fb4021bbf4d1___FAM_B.Rot 3227.JPG,Black_rot,Black_rot,0.89,0.105,0.0,0.005,True
61a3d458-6b32-4191-ab56-75ead7362294___FAM_B.Rot 3473.JPG,Black_rot,Black_rot,0.895,0.095,0.0,0.01,True
61fff4d4-7012-4171-bfed-5ca53f55abdb___FAM_B.Rot 0352.JPG,Black_rot,Black_rot,0.77,0.215,0.005,0.01,True
622a1243-a2f2-4888-aed6-0eb3186b6e7e___FAM_B.Rot 3603.JPG,Black_rot,Black_rot,0.855,0.125,0.02,0.0,True
636b8472-ce10-4889-a68f-c71d407768e6___FAM_B.Rot 3573.JPG,Black_rot,Black_rot,0.53,0.425,0.005,0.04,True
637315db-ce84-425a-b2d3-4284e8a8e3c5___FAM_B.Rot 0347.JPG,Black_rot,Black_rot,0.885,0.05,0.065,0.0,True
639728f8-1d6b-4f6f-860c-2c48653eb564___FAM_B.Rot 3547.JPG,Black_rot,Black_rot,0.575,0.355,0.03,0.04,True
63e24d93-6779-49b5-b0d0-d793cd68943b___FAM_B.Rot 3436.JPG,Black_rot,Black_rot,0.895,0.095,0.005,0.005,True
65fb7d1a-293a-4580-ab2b-405a1a9dfe1a___FAM_B.Rot 0733.JPG,Black_rot,Black_rot,0.685,0.2,0.06,0.055,True
669168c0-ff03-4708-a10a-153d5cd1e10f___FAM_B.Rot 3481.JPG,Black_rot,Black_rot,0.84,0.085,0.045,0.03,True
674d1b13-c042-4b8d-8df3-406ba1ea6c9f___FAM_B.Rot 0736.JPG,Black_rot,Black_rot,0.76,0.075,0.12,0.045,True
6813e6bf-0878-4e6b-85a2-24e2a7c563d0___FAM_B.Rot 3385.JPG,Black_rot,Black_rot,0.565,0.385,0.0,0.05,True
690624b3-100d-4a73-b824-9b55886cd6fe___FAM_B.Rot 3104.JPG,Black_rot,Black_rot,0.875,0.025,0.07,0.03,True
6a292305-78bc-4000-ad62-857b4261fec5___FAM_B.Rot 5090.JPG,Black_rot,Black_rot,0.82,0.165,0.0,0.015,True
6acf2de1-9910-489e-b856-95bc36d5e37d___FAM_B.Rot 0754.JPG,Black_rot,Black_rot,0.83,0.07,0.085,0.015,True
6b3a82f8-61f3-4060-aa07-ff552894ef35___FAM_B.Rot 3440.JPG,Black_rot,Black_rot,0.745,0.23,0.0,0.025,True
6c466f8c-fb76-4ae4-90fa-5763875c477e___FAM_B.Rot 3354.JPG,Black_rot,Black_rot,0.91,0.085,0.0,0.005,True
6cd047c1-d4c4-4215-8e8a-d81c7f5a3669___FAM_B.Rot 0408.JPG,Black_rot,Black_rot,0.8,0.155,0.04,0.005,True
6d74c9ed-be59-4d6b-a01d-e25eaa2bd156___FAM_B.Rot 5030.JPG,Black_rot,Black_rot,0.695,0.285,0.0,0.02,True
6dc433e2-eb64-4e1d-8a79-12c568f88ff4___FAM_B.Rot 0384.JPG,Black_rot,Black_rot,0.555,0.315,0.08,0.05,True
6e894a5f-a531-47b6-8aae-cea0471d3442___FAM_B.Rot 3282.JPG,Black_rot,Black_rot,0.925,0.075,0.0,0.0,True
6f47e933-57e2-4361-8dc2-1f85f7c231dc___FAM_B.Rot 3415.JPG,Black_rot,Black_rot,0.885,0.115,0.0,0.0,True
727be1bc-7ae8-474a-9062-95d7682663c5___FAM_B.Rot 3462.JPG,Black_rot,Black_rot,0.88,0.06,0.01,0.05,True
76792775-239d-479b-8ff7-828b5ce8bb36___FAM_B.Rot 0339.JPG,Black_rot,Black_rot,0.62,0.19,0.09,0.1,True
78428025-b8be-4035-b358-92dd99fb0d04___FAM_B.Rot 0476.JPG,Black_rot,Black_rot,0.905,0.08,0.005,0.01,True
7a587206-10d9-4f16-9398-8e97a41d44ec___FAM_B.Rot 0349.JPG,Black_rot,Black_rot,0.84,0.155,0.005,0.0,True
7a7e0600-62cb-4cf2-95e1-9e69489b3470___FAM_B.Rot 3393.JPG,Black_rot,Black_rot,0.675,0.085,0.0,0.24,True
7ad894ca-3f99-48ea-9470-fb98a41d8b67___FAM_B.Rot 0327.JPG,Black_rot,Black_rot,0.545,0.14,0.27,0.045,True
7afbee91-43f6-444f-a26d-9bcd9219b72b___FAM_B.Rot 3563.JPG,Black_rot,Black_rot,0.66,0.275,0.0,0.065,True
7b4a3140-6a68-43ee-b782-bf51970e6c1d___FAM_B.Rot 3250.JPG,Black_rot,Black_rot,0.705,0.265,0.0,0.03,True
7b6831ec-c21f-4b02-8f83-7c08a9eab2ff___FAM_B.Rot 3523.JPG,Black_rot,Black_rot,0.96,0.03,0.005,0.005,True
7b68f373-bb42-4477-86f6-5c69768180bc___FAM_B.Rot 3538.JPG,Black_rot,Black_rot,0.69,0.29,0.0,0.02,True
7c074ced-f3b9-4fcb-81ae-7fea89fe30ca___FAM_B.Rot 0448.JPG,Black_rot,Black_rot,0.925,0.045,0.015,0.015,True
7e623a79-a7da-48b1-afeb-09e9962d2813___FAM_B.Rot 0365.JPG,Black_rot,Black_rot,0.945,0.05,0.005,0.0,True
7ea77255-d587-474e-a4ab-f25e78c41fa0___FAM_B.Rot 3468.JPG,Black_rot,Black_rot,0.855,0.075,0.03,0.04,True
7fbb0b77-ca88-47ce-ad8e-83923e8e816c___FAM_B.Rot 0385.JPG,Black_rot,Black_rot,0.74,0.15,0.05,0.06,True
82557506-a1bd-48eb-af05-af9271673fd2___FAM_B.Rot 3480.JPG,Black_rot,Black_rot,0.905,0.065,0.01,0.02,True
83583a39-fa21-4c4c-af8e-df675210eb91___FAM_B.Rot 3560.JPG,Black_rot,Black_rot,0.665,0.16,0.02,0.155,True
83b866ce-0785-4312-8e43-1ae8aa59d3bd___FAM_B.Rot 3518.JPG,Black_rot,Black_rot,0.64,0.13,0.05,0.18,True
84d48be8-eb1e-4c4f-96bc-527cbacb6334___FAM_B.Rot 3360.JPG,Black_rot,Black_rot,0.855,0.11,0.0,0.035,True
8557739e-484e-42dc-871e-f4373b361024___FAM_B.Rot 0690.JPG,Black_rot,Black_rot,0.98,0.005,0.015,0.0,True
85604599-9409-4a23-99ee-b08e778a11c2___FAM_B.Rot 3395.JPG,Black_rot,Black_rot,0.805,0.075,0.025,0.095,True
882ad038-3d79-491d-b9f4-dc3357e5b34e___FAM_B.Rot 0602.JPG,Black_rot,Black_rot,0.915,0.055,0.025,0.005,True
8bd61999-0165-466a-aaf7-dd9e75885f50___FAM_B.Rot 3586.JPG,Black_rot,Black_rot,0.965,0.02,0.0,0.015,True
8e972621-5e05-4b55-a371-80c1db805fff___FAM_B.Rot 0402.JPG,Black_rot,Black_rot,0.565,0.4,0.005,0.03,True
8f9dcda2-c2cc-4c34-8032-2dfa5c74bd17___FAM_B.Rot 0744.JPG,Black_rot,Black_rot,0.84,0.055,0.015,0.09,True
8fc8f799-0c6f-4b34-af68-3a8d89f1a49f___FAM_B.Rot 0710.JPG,Black_rot,Black_rot,0.805,0.075,0.09,0.03,True
9142e7d3-183b-4c3f-a255-5fff2e6c208a___FAM_B.Rot 0382.JPG,Black_rot,Black_rot,0.705,0.205,0.08,0.01,True
916a177a-421c-4db0-9cff-22583bf4fbf7___FAM_B.Rot 3224.JPG,Black_rot,Black_rot,0.67,0.325,0.0,0.005,True
91bc5e98-a8c6-4307-9c1b-28f02d9514b8___FAM_B.Rot 0596.JPG,Black_rot,Black_rot,0.76,0.055,0.085,0.1,True
926d12b2-ca2a-47c1-bf78-dab6e7826069___FAM_B.Rot 3239.JPG,Black_rot,Black_rot,0.865,0.105,0.0,0.03,True
9337b973-61c3-48bc-9c57-e506856df46d___FAM_B.Rot 3361.JPG,Black_rot,Black_rot,0.805,0.145,0.0,0.05,True
967a897e-f058-4f33-bb28-fcc57206eb4f___FAM_B.Rot 0484.JPG,Black_rot,Black_rot,0.89,0.055,0.035,0.02,True
974b2e6d-631b-4eb7-afe2-52d527d1618c___FAM_B.Rot 0670.JPG,Black_rot,Black_rot,0.625,0.365,0.0,0.01,True
98f4ba39-5593-47ae-ad38-9d0dfb8da853___FAM_B.Rot 3430.JPG,Black_rot,Black_rot,0.895,0.095,0.0,0.01,True
9a65f651-1b87-4580-b00e-41fe31f950f4___FAM_B.Rot 5055.JPG,Black_rot,Black_rot,0.785,0.175,0.0,0.04,True
9eb19238-5388-4e56-88a0-8351da034735___FAM_B.Rot 0545.JPG,Black_rot,Black_rot,0.79,0.025,0.055,0.13,True
9fa2219a-57c9-4938-9221-0365a180397d___FAM_B.Rot 0751.JPG,Black_rot,Black_rot,0.915,0.06,0.025,0.0,True
a11136cd-a221-495a-b8ea-8d85375935cb___FAM_B.Rot 5105.JPG,Black_rot,Black_rot,0.83,0.155,0.0,0.015,True
a22f6001-3214-4e63-8527-eb1b0035d226___FAM_B.Rot 3460.JPG,Black_rot,Black_rot,0.94,0.04,0.005,0.015,True
a2718fdc-806f-4a37-a4f6-8bb90bcb3dea___FAM_B.Rot 0683.JPG,Black_rot,Black_rot,0.715,0.215,0.04,0.03,True
a2900ade-54bd-43db-a003-7c468d9b0a1e___FAM_B.Rot 0489.JPG,Black_rot,Black_rot,0.655,0.195,0.145,0.005,True
a30c651a-ef6a-4c84-9fc8-b79663d71a9a___FAM_B.Rot 0589.JPG,Black_rot,Black_rot,0.565,0.075,0.025,0.335,True
a376b8ce-9cff-442f-a3b6-71e74a097876___FAM_B.Rot 0528.JPG,Black_rot,Black_rot,0.84,0.085,0.015,0.06,True
a3bcb66a-36e5-4c73-801a-4e1013c30058___FAM_B.Rot 3219.JPG,Black_rot,Black_rot,0.925,0.075,0.0,0.0,True
a6195b76-5823-430b-a07e-870a2f8ac6b2___FAM_B.Rot 5009.JPG,Black_rot,Black_rot,0.49,0.445,0.0,0.065,True
a71b79c9-e226-4e66-b83a-8846f6239f44___FAM_B.Rot 0698.JPG,Black_rot,Black_rot,0.78,0.22,0.0,0.0,True
a7274e97-1a7e-4446-a127-7f0f3f961bd5___FAM_B.Rot 3248.JPG,Black_rot,Black_rot,0.935,0.06,0.0,0.005,True
a878bcb3-65e4-44ee-88bf-b2a8be8cc360___FAM_B.Rot 3199.JPG,Black_rot,Black_rot,0.85,0.14,0.0,0.01,True
a919f188-f2ef-4e7a-88f7-236491cd4ba8___FAM_B.Rot 3500.JPG,Black_rot,Black_rot,0.985,0.01,0.0,0.005,True
a91b8702-6001-4dc7-afff-8f0181fc984e___FAM_B.Rot 0412.JPG,Black_rot,Black_rot,0.735,0.07,0.185,0.01,True
a935ac99-f72a-4111-bb0c-74ced5e33402___FAM_B.Rot 0381.JPG,Black_rot,Black_rot,0.735,0.19,0.065,0.01,True
aa600fb5-718b-443a-b959-21d13c97a5c2___FAM_B.Rot 0686.JPG,Black_rot,Black_rot,0.75,0.21,0.035,0.005,True
ad5918ba-cd64-4a4e-aaab-f5d647e9a63f___FAM_B.Rot 3366.JPG,Black_rot,Black_rot,0.855,0.14,0.0,0.005,True
aebd67f2-eeb7-4330-8690-5cc18772e344___FAM_B.Rot 0737.JPG,Black_rot,Black_rot,0.89,0.055,0.01,0.045,True
afa86601-30e0-4a13-8812-db5ca9760afa___FAM_B.Rot 3159.JPG,Black_rot,Black_rot,0.83,0.125,0.0,0.045,True
b05b2685-6ef2-48b3-b52c-8c006866b30d___FAM_B.Rot 0480.JPG,Black_rot,Black_rot,0.885,0.03,0.035,0.05,True
b097ed98-241d-43c9-9bd9-1501bbf7a311___FAM_B.Rot 0679.JPG,Black_rot,Black_rot,0.855,0.085,0.015,0.045,True
b15f50bc-64db-428b-a65c-786befec714e___FAM_B.Rot 0369.JPG,Black_rot,Black_rot,0.73,0.155,0.06,0.055,True
b7df7350-df6a-4c70-8f77-21bc218442c9___FAM_B.Rot 3200.JPG,Black_rot,Black_rot,0.975,0.015,0.0,0.01,True
b88e508b-a46e-47fe-96b1-050985624390___FAM_B.Rot 3522.JPG,Black_rot,Black_rot,0.815,0.15,0.005,0.03,True
b8abc779-4fac-4e5f-abb6-f46d0866f9eb___FAM_B.Rot 0641.JPG,Black_rot,Black_rot,0.49,0.365,0.04,0.105,True
b8b61796-7482-4057-996a-af8e54ab9761___FAM_B.Rot 5060.JPG,Black_rot,Black_rot,0.825,0.13,0.0,0.045,True
bacc041a-df0e-401f-8da5-85303f596784___FAM_B.Rot 0592.JPG,Black_rot,Black_rot,0.83,0.07,0.045,0.055,True
bb424988-a1c3-4bef-a4a5-8388c4243795___FAM_B.Rot 0631.JPG,Black_rot,Black_rot,0.915,0.085,0.0,0.0,True
bb4d2497-0f5d-419e-84d3-685883e333b6___FAM_B.Rot 3375.JPG,Black_rot,Black_rot,0.87,0.095,0.01,0.025,True
bc248029-8236-4e2c-8343-c9ebf0abe24d___FAM_B.Rot 3564.JPG,Black_rot,Black_rot,0.68,0.255,0.005,0.06,True
bd1b82f6-2438-4204-9a6a-3a0b335172d1___FAM_B.Rot 3310.JPG,Black_rot,Black_rot,0.575,0.035,0.0,0.39,True
c00ea3f6-3316-4328-8ff5-2849c6a18719___FAM_B.Rot 5048.JPG,Black_rot,Black_rot,0.755,0.16,0.03,0.055,True
c3137679-a88f-4603-b027-faf156763d61___FAM_B.Rot 0616.JPG,Black_rot,Black_rot,0.86,0.14,0.0,0.0,True
c38471f9-9a18-4816-8237-36e727c17a93___FAM_B.Rot 0695.JPG,Black_rot,Black_rot,0.735,0.23,0.025,0.01,True
c448ff18-fa6f-4efa-a7f5-813d57279a26___FAM_B.Rot 3059.JPG,Black_rot,Black_rot,0.86,0.13,0.01,0.0,True
c4d154d9-6a5b-4a81-aa85-b9d5a5a00e89___FAM_B.Rot 3613.JPG,Black_rot,Black_rot,0.66,0.07,0.17,0.1,True
c4d8a014-c573-41fe-afb0-e4b1fb96d62a___FAM_B.Rot 0673.JPG,Black_rot,Black_rot,0.565,0.405,0.0,0.03,True
c6e07980-33d0-4e8b-a552-e738c1054907___FAM_B.Rot 3229.JPG,Black_rot,Black_rot,0.91,0.07,0.005,0.015,True
c6e1f132-3e73-4c9a-acee-ca707f2203d7___FAM_B.Rot 5008.JPG,Black_rot,Esca,0.43,0.53,0.005,0.035,False
c813333e-eed5-4934-8e83-39ffd9a52d3f___FAM_B.Rot 0371.JPG,Black_rot,Black_rot,0.585,0.045,0.33,0.04,True
ccbc65da-e98d-4478-b7d6-3eb08e0180a3___FAM_B.Rot 0324.JPG,Black_rot,Black_rot,0.82,0.155,0.01,0.015,True
cd21d350-3a40-45b8-8c67-c15c2a336545___FAM_B.Rot 3206.JPG,Black_rot,Black_rot,0.81,0.185,0.0,0.005,True
d045079f-ca24-4e40-b203-7c70608c9d02___FAM_B.Rot 0665.JPG,Black_rot,Black_rot,0.685,0.235,0.045,0.035,True
d0837299-34cf-476b-af90-68d4ed50a4a3___FAM_B.Rot 5021.JPG,Black_rot,Esca,0.4,0.485,0.005,0.11,False
d1754451-f16a-4bf8-bdeb-815c7ee5f9f1___FAM_B.Rot 3145.JPG,Black_rot,Black_rot,0.825,0.065,0.09,0.02,True
d3bc40cd-beca-449a-9ec3-f50981efe749___FAM_B.Rot 0702.JPG,Black_rot,Black_rot,0.57,0.275,0.145,0.01,True
d4378ee2-b739-4faa-9e85-7f1d37c49f4e___FAM_B.Rot 3134.JPG,Black_rot,Black_rot,0.735,0.075,0.18,0.01,True
d58acc59-80a3-4c13-9b8a-831cc49dd93c___FAM_B.Rot 3627.JPG,Black_rot,Black_rot,0.835,0.105,0.0,0.06,True
d824b284-23c5-4244-aa1b-7858c99872b3___FAM_B.Rot 2997.JPG,Black_rot,Black_rot,0.725,0.085,0.15,0.04,True
d8785cc9-3792-41f4-b929-55497d96fd3a___FAM_B.Rot 5088.JPG,Black_rot,Black_rot,0.945,0.035,0.0,0.02,True
d8c8ca0e-67a1-41dd-a1b1-8900a138dac8___FAM_B.Rot 3048.JPG,Black_rot,Black_rot,0.85,0.125,0.02,0.005,True
dc085020-b7b7-409d-ae76-364cf7df2b93___FAM_B.Rot 3013.JPG,Black_rot,Black_rot,0.825,0.035,0.065,0.075,True
dc51d657-a8d2-46b1-b16e-014478dc364a___FAM_B.Rot 0488.JPG,Black_rot,Black_rot,0.93,0.07,0.0,0.0,True
dc6c5087-2e7e-4512-8861-15f7b881a2f1___FAM_B.Rot 3203.JPG,Black_rot,Black_rot,0.865,0.13,0.0,0.005,True
dd9d9f5b-382d-4348-b878-618b99f19915___FAM_B.Rot 3286.JPG,Black_rot,Black_rot,0.995,0.005,0.0,0.0,True
de422312-2639-46bf-86f4-e8f81a97f296___FAM_B.Rot 0646.JPG,Black_rot,Esca,0.335,0.65,0.015,0.0,False
dec9f28b-299d-4c2d-8e46-89c700aa94c1___FAM_B.Rot 5091.JPG,Black_rot,Black_rot,0.87,0.1,0.0,0.03,True
e034377a-c8b8-4257-8673-e3a0d776c06f___FAM_B.Rot 3327.JPG,Black_rot,Black_rot,0.935,0.06,0.005,0.0,True
e279a08d-52a9-440d-9f23-1dd186e637ad___FAM_B.Rot 3476.JPG,Black_rot,Black_rot,0.905,0.085,0.005,0.005,True
e441a2b0-1428-43b4-bbfc-a938f50e4e39___FAM_B.Rot 0499.JPG,Black_rot,Black_rot,0.785,0.19,0.015,0.01,True
e615e7ad-18b3-431c-b5fd-809aa7909c06___FAM_B.Rot 3276.JPG,Black_rot,Black_rot,0.96,0.04,0.0,0.0,True
e6444b5c-2944-46c8-a188-b9fbb366a931___FAM_B.Rot 0655.JPG,Black_rot,Black_rot,0.665,0.335,0.0,0.0,True
e7cae881-171d-442c-aa19-04b82b6c055d___FAM_B.Rot 0534.JPG,Black_rot,Black_rot,0.88,0.11,0.0,0.01,True
e82a61a4-b7fd-4db6-b2d2-35068d9bb17e___FAM_B.Rot 0496.JPG,Black_rot,Black_rot,0.6,0.38,0.0,0.02,True
e83845d6-8cd7-4dd7-a71e-3a901bc6db06___FAM_B.Rot 0559.JPG,Black_rot,Black_rot,0.805,0.18,0.01,0.005,True
e982ebd2-1228-49d9-8a12-e7160b968770___FAM_B.Rot 5022.JPG,Black_rot,Black_rot,0.79,0.155,0.0,0.055,True
eb651328-cf60-4e40-b61d-0a624cdc21aa___FAM_B.Rot 0366.JPG,Black_rot,Black_rot,0.89,0.105,0.005,0.0,True
ec615758-021e-4ab2-9c11-c622e020ed99___FAM_B.Rot 0624.JPG,Black_rot,Black_rot,0.57,0.395,0.02,0.015,True
ed534915-4d99-4f6b-927d-2ebc57650d9d___FAM_B.Rot 0450.JPG,Black_rot,Black_rot,0.97,0.01,0.01,0.01,True
ed597021-7eeb-4a4f-9328-c99f7c21e9f0___FAM_B.Rot 3426.JPG,Black_rot,Black_rot,0.82,0.02,0.015,0.145,True
ee376899-ae9e-4f14-9e05-11aa9517487f___FAM_B.Rot 0652.JPG,Black_rot,Black_rot,0.6,0.395,0.0,0.005,True
ee45e010-fd06-443a-b845-885ebbcebfd8___FAM_B.Rot 3449.JPG,Black_rot,Black_rot,0.755,0.13,0.01,0.105,True
f00f7ab3-5f23-4088-90e4-c6dcbb08333b___FAM_B.Rot 0588.JPG,Black_rot,Black_rot,0.62,0.045,0.03,0.305,True
f014c5bf-d06a-42c7-8a51-bdfb38c6a815___FAM_B.Rot 0495.JPG,Black_rot,Esca,0.415,0.49,0.015,0.08,False
f5305b02-0f2c-44a4-a572-69a00304687b___FAM_B.Rot 0714.JPG,Black_rot,Black_rot,0.845,0.135,0.015,0.005,True
f56702cc-1ef3-40c6-8f93-cd9ab87c3ed1___FAM_B.Rot 0509.JPG,Black_rot,Black_rot,0.76,0.085,0.12,0.035,True
f5e5fde4-c121-40d8-b4a5-59fe23e83c31___FAM_B.Rot 3434.JPG,Black_rot,Black_rot,0.94,0.055,0.0,0.005,True
f671aef3-95ba-403e-bfc8-8fbb1ca9b5a5___FAM_B.Rot 0425.JPG,Black_rot,Black_rot,0.52,0.14,0.335,0.005,True
f8440406-4060-4fea-afba-25fd341d35a8___FAM_B.Rot 3435.JPG,Black_rot,Black_rot,0.92,0.07,0.0,0.01,True
f8ce6709-9d70-4f6b-bd18-a63147d4c228___FAM_B.Rot 5043.JPG,Black_rot,Black_rot,0.71,0.235,0.0,0.055,True
f8ee6c26-bb61-4956-a3fb-8a96342249fa___FAM_B.Rot 3158.JPG,Black_rot,Black_rot,0.84,0.09,0.055,0.015,True
f8fb0b69-eb91-4772-8a86-41adf65bd2db___FAM_B.Rot 3149.JPG,Black_rot,Black_rot,0.75,0.07,0.1,0.08,True
f90852f3-bbcb-4845-afe2-ea6198b0c3d5___FAM_B.Rot 3455.JPG,Black_rot,Black_rot,0.85,0.125,0.01,0.015,True
fa33303a-2183-4ff9-8a61-71bd6d1fd49f___FAM_B.Rot 3411.JPG,Black_rot,Black_rot,0.545,0.23,0.16,0.065,True
fae1aeea-8bd7-4d59-97cb-3a7dd324e550___FAM_B.Rot 3554.JPG,Black_rot,Leaf_blight,0.39,0.105,0.0,0.505,False
fb6ca3d8-29bc-4103-b309-82aa6d7b1b0b___FAM_B.Rot 0648.JPG,Black_rot,Esca,0.295,0.695,0.0,0.01,False
fbf08736-4641-4943-a4b5-4f86f9b609cc___FAM_B.Rot 3151.JPG,Black_rot,Black_rot,0.6,0.28,0.045,0.075,True
fc114047-c698-4bfd-89dd-ce3173aaffd5___FAM_B.Rot 5038.JPG,Black_rot,Black_rot,0.77,0.175,0.005,0.05,True
fc4a5f21-0d08-479d-b506-2d5eae6d0ac1___FAM_B.Rot 3358.JPG,Black_rot,Black_rot,0.935,0.065,0.0,0.0,True
fc75404e-0b13-4827-8fde-b9b92be735cc___FAM_B.Rot 0330.JPG,Black_rot,Black_rot,0.78,0.185,0.03,0.005,True
fc7cc3d0-caa3-4315-9495-2a29cf8e61b2___FAM_B.Rot 3321.JPG,Black_rot,Black_rot,0.57,0.1,0.185,0.145,True
fccab141-6eac-4889-9ada-7ad19cb346a4___FAM_B.Rot 3096.JPG,Black_rot,Black_rot,0.905,0.055,0.015,0.025,True
fec549a8-893a-4561-8b83-0966cd018fee___FAM_B.Rot 5054.JPG,Black_rot,Black_rot,0.94,0.05,0.005,0.005,True
011f307f-e06b-4604-9419-d940f7b00290___FAM_B.Msls 1096.JPG,Esca,Esca,0.0,1.0,0.0,0.0,True
03f815cb-cdcd-4486-a142-f2ac59a4bf48___FAM_B.Msls 4315.JPG,Esca,Esca,0.19,0.745,0.01,0.055,True
048c9e5a-1e7f-4e50-b579-01d7c75b340f___FAM_B.Msls 4050.JPG,Esca,Esca,0.005,0.995,0.0,0.0,True
066df51b-4f56-417d-8cf0-b6990b27b952___FAM_B.Msls 4382.JPG,Esca,Esca,0.385,0.56,0.005,0.05,True
06b3cef1-9eeb-4a15-a8c6-429532a64e2e___FAM_B.Msls 4427.JPG,Esca,Esca,0.32,0.545,0.045,0.09,True
06eb73c0-225e-447b-ac67-08be159a73b7___FAM_B.Msls 1225.JPG,Esca,Esca,0.09,0.905,0.0,0.005,True
08fbe786-cf83-4dc7-b281-19dbfcf42c41___FAM_B.Msls 4287.JPG,Esca,Esca,0.0,1.0,0.0,0.0,True
09282a81-6cb1-4140-b6a3-6ea517ee31f9___FAM_B.Msls 3928.JPG,Esca,Esca,0.055,0.935,0.0,0.01,True
0ac7f7a3-2748-4f58-ae8d-426cdc5113f4___FAM_B.Msls 4432.JPG,Esca,Esca,0.095,0.88,0.0,0.025,True
0ad02171-f9d0-4d0f-bdbd-36ac7674fafc___FAM_B.Msls 4356.JPG,Esca,Esca,0.01,0.99,0.0,0.0,True
0d56d708-22c4-477a-bd29-7c5776dbcf25___FAM_B.Msls 4457.JPG,Esca,Esca,0.015,0.985,0.0,0.0,True
0de65785-c601-41dc-8099-83c73cac21c2___FAM_B.Msls 4094.JPG,Esca,Esca,0.08,0.9,0.01,0.01,True
0e1c89b9-d289-471a-988f-850f4874621e___FAM_B.Msls 3950.JPG,Esca,Esca,0.28,0.52,0.16,0.04,True
0fa9cca0-f4e4-4a1e-925c-1111fc1597f0___FAM_B.Msls 4107.JPG,Esca,Esca,0.01,0.99,0.0,0.0,True
100e782c-741d-4e34-948f-0c2e129a0939___FAM_B.Msls 4161.JPG,Esca,Esca,0.04,0.895,0.0,0.065,True
116c6549-0f11-4649-b50f-c0555fa88f6b___FAM_B.Msls 4278.JPG,Esca,Esca,0.01,0.985,0.0,0.005,True
12b10162-dea3-4b1e-9ac6-891775a5daf4___FAM_B.Msls 1284.JPG,Esca,Esca,0.195,0.725,0.015,0.065,True
143f0875-9844-410b-853c-cd8f6a918e63___FAM_B.Msls 3897.JPG,Esca,Esca,0.03,0.945,0.0,0.025,True
14ad3627-cb25-4867-abe0-c6bca7c6a075___FAM_B.Msls 4013.JPG,Esca,Esca,0.01,0.99,0.0,0.0,True
15186e0b-3360-4bfa-b84b-3018f735932b___FAM_B.Msls 1835.JPG,Esca,Esca,0.21,0.705,0.01,0.075,True
1597641f-db77-43c9-bd8c-912498c22b15___FAM_B.Msls 0966.JPG,Esca,Esca,0.035,0.925,0.01,0.03,True
17f06d95-a112-4a6f-85ab-c8d29a98a461___FAM_B.Msls 4172.JPG,Esca,Esca,0.065,0.93,0.0,0.005,True
18281818-c3a8-453b-b5fd-6101853e4aca___FAM_B.Msls 3915.JPG,Esca,Esca,0.025,0.975,0.0,0.0,True
195d2df2-0618-4683-b7f3-ddb45f30d8e4___FAM_B.Msls 0857.JPG,Esca,Black_rot,0.55,0.395,0.01,0.045,False
1999af4b-48fa-4ea9-b52c-8267a0313007___FAM_B.Msls 1223.JPG,Esca,Esca,0.085,0.905,0.0,0.01,True
1a477ab0-0649-48d4-bbbf-fa3600d9ec03___FAM_B.Msls 1347.JPG,Esca,Esca,0.055,0.935,0.005,0.005,True
1a605788-78ec-4d62-9f87-3ad62309d58f___FAM_B.Msls 4371.JPG,Esca,Esca,0.0,1.0,0.0,0.0,True
1ab73b8a-ab8f-499b-a38a-ba59c21f8802___FAM_B.Msls 3871.JPG,Esca,Esca,0.02,0.975,0.0,0.005,True
1c111789-c4cc-4319-8cd2-2d50b891d313___FAM_B.Msls 4209.JPG,Esca,Esca,0.045,0.89,0.0,0.065,True
1c46292e-7ee0-410a-ac41-65b5d0d3a6f4___FAM_B.Msls 0866.JPG,Esca,Black_rot,0.575,0.4,0.005,0.02,False
1cb1a7e1-b930-43c2-a1ee-26b694931955___FAM_B.Msls 4395.JPG,Esca,Esca,0.24,0.735,0.025,0.0,True
1e8bbe2c-7889-4fd1-8e77-dd01959007ab___FAM_B.Msls 0858.JPG,Esca,Black_rot,0.575,0.405,0.01,0.01,False
1eefcad2-d268-4ca4-ab7f-6798395ed2a1___FAM_B.Msls 4368.JPG,Esca,Esca,0.02,0.98,0.0,0.0,True
206a3062-fcf6-4724-a42a-ace810a07afd___FAM_B.Msls 1197.JPG,Esca,Esca,0.17,0.81,0.01,0.01,True
2284b3b4-d74e-4fbe-9296-b04e39ae5acb___FAM_B.Msls 0882.JPG,Esca,Black_rot,0.595,0.39,0.015,0.0,False
22d149ed-9bb5-4c66-8f9f-2a504c3bc8aa___FAM_B.Msls 4067.JPG,Esca,Esca,0.0,1.0,0.0,0.0,True
22e90bdf-b3ea-4d94-8dd9-fae2470cdd52___FAM_B.Msls 1175.JPG,Esca,Esca,0.0,1.0,0.0,0.0,True
241636c5-aaf6-48bb-9e2c-7d0cd345d87d___FAM_B.Msls 4458.JPG,Esca,Esca,0.055,0.94,0.0,0.005,True
24fc1c43-2c95-4cd5-86ce-bbe9356197eb___FAM_B.Msls 3933.JPG,Esca,Esca,0.135,0.855,0.005,0.005,True
255a469a-6adc-43a7-8567-09cb553ba336___FAM_B.Msls 4293.JPG,Esca,Esca,0.225,0.725,0.02,0.03,True
258f5fc8-e002-4270-933e-b7b12027122c___FAM_B.Msls 4316.JPG,Esca,Esca,0.13,0.565,0.01,0.295,True
25a3f640-8f7b-4bd9-9604-e75406c0ec1a___FAM_B.Msls 1862.JPG,Esca,Esca,0.05,0.87,0.0,0.08,True
25b61f8a-d220-49c9-953e-fa2c8b76f19b___FAM_B.Msls 1863.JPG,Esca,Esca,0.115,0.7,0.015,0.17,True
25d9fdcb-1f52-4d6e-a91f-45da56ad4b06___FAM_B.Msls 3852.JPG,Esca,Esca,0.43,0.495,0.05,0.025,True
26d87fc6-980e-4aa9-9693-0553bf78b313___FAM_B.Msls 4291.JPG,Esca,Esca,0.005,0.995,0.0,0.0,True
2850cff3-e262-49b1-af09-051e76e19fa8___FAM_B.Msls 1336.JPG,Esca,Leaf_blight,0.27,0.165,0.0,0.565,False
28a93822-184d-4d73-9fd1-1c3ebf1e72fc___FAM_B.Msls 0861.JPG,Esca,Healthy,0.255,0.26,0.445,0.04,False
28cf6340-9243-42d0-933e-c8afccb91b46___FAM_B.Msls 3970.JPG,Esca,Esca,0.035,0.945,0.0,0.02,True
290a5fb5-12ae-4f0c-befb-39b83b09524a___FAM_B.Msls 1170.JPG,Esca,Esca,0.01,0.99,0.0,0.0,True
2aa5339e-a039-42d9-a492-747e93f884eb___FAM_B.Msls 3967.JPG,Esca,Esca,0.105,0.89,0.0,0.005,True
2ba2c978-74a0-4dff-9e0b-80adfec4dedf___FAM_B.Msls 4035.JPG,Esca,Esca,0.06,0.73,0.01,0.2,True
2bd4541e-4ea6-484d-a490-07e2abe41758___FAM_B.Msls 1122.JPG,Esca,Esca,0.205,0.79,0.0,0.005,True
2bf35b46-3681-4bd2-8491-264ec0fe0e9f___FAM_B.Msls 1050.JPG,Esca,Esca,0.0,1.0,0.0,0.0,True
2c4ddcf7-2ad4-4802-a027-59c1b192d7a2___FAM_B.Msls 1123.JPG,Esca,Esca,0.0,1.0,0.0,0.0,True
2f3f5ab8-b043-4906-a480-e908dbad8584___FAM_B.Msls 1191.JPG,Esca,Esca,0.0,1.0,0.0,0.0,True
2f89c58c-1bc4-40f7-babf-b1f1dc2cffc9___FAM_B.Msls 3969.JPG,Esca,Esca,0.36,0.59,0.01,0.04,True
306da002-f51a-46c7-89fe-8263a22837c9___FAM_B.Msls 1822.JPG,Esca,Esca,0.0,1.0,0.0,0.0,True
308affeb-3413-4002-ae48-d76f67c762e6___FAM_B.Msls 0879.JPG,Esca,Black_rot,0.465,0.42,0.1,0.015,False
30c135e6-4806-4b6f-8e2f-1474725795fb___FAM_B.Msls 4275.JPG,Esca,Esca,0.0,1.0,0.0,0.0,True
316ccd32-0e9c-40bb-869b-1378cebdb6a0___FAM_B.Msls 0968.JPG,Esca,Esca,0.0,1.0,0.0,0.0,True
31dcd664-97e8-4e22-a30d-35014b9737a4___FAM_B.Msls 4350.JPG,Esca,Esca,0.155,0.835,0.01,0.0,True
324974f4-6058-4cc1-9af3-ceaf3bc96867___FAM_B.Msls 1294.JPG,Esca,Esca,0.06,0.93,0.0,0.01,True
3374a5c7-85b1-44a7-92a5-acf497aa3803___FAM_B.Msls 4347.JPG,Esca,Esca,0.07,0.92,0.0,0.01,True
33880a34-ebaa-47df-916a-d65d4662a1c0___FAM_B.Msls 1790.JPG,Esca,Esca,0.005,0.97,0.005,0.02,True
342908ce-8cad-40e9-a422-d7744e079292___FAM_B.Msls 0869.JPG,Esca,Black_rot,0.63,0.365,0.0,0.005,False
344cb30a-eda8-45fe-8708-ca8a2fc4eb53___FAM_B.Msls 4170.JPG,Esca,Esca,0.005,0.995,0.0,0.0,True
3573f44b-23da-4c38-8cc5-bb7bee57d598___FAM_B.Msls 3881.JPG,Esca,Esca,0.02,0.975,0.0,0.005,True
35f27251-e796-4906-80a3-1836f8bce8a3___FAM_B.Msls 0916.JPG,Esca,Esca,0.0,1.0,0.0,0.0,True
375d0a8d-4722-41c2-afd1-1ae96eff47b1___FAM_B.Msls 1360.JPG,Esca,Esca,0.16,0.78,0.02,0.04,True
37642d48-d6b8-49b6-9190-d0a12bea3f6c___FAM_B.Msls 0851.JPG,Esca,Esca,0.38,0.485,0.045,0.09,True
3a4f2681-0ad1-4ad1-a05b-005592733970___FAM_B.Msls 1037.JPG,Esca,Esca,0.0,1.0,0.0,0.0,True
3ac5e3ba-b071-47da-b76b-992e4c3e8bea___FAM_B.Msls 4369.JPG,Esca,Esca,0.045,0.95,0.0,0.005,True
3c00670f-de7b-40d1-b871-49dfd5b84a41___FAM_B.Msls 1290.JPG,Esca,Esca,0.04,0.96,0.0,0.0,True
3e39d83d-d0e4-4b23-8823-30ea2c216aff___FAM_B.Msls 4149.JPG,Esca,Esca,0.0,1.0,0.0,0.0,True
40518be1-a5c8-464e-b42e-5b23c9529383___FAM_B.Msls 1085.JPG,Esca,Esca,0.0,1.0,0.0,0.0,True
419979ee-6231-4a02-94d1-3bcbdd2b63c3___FAM_B.Msls 4485.JPG,Esca,Esca,0.0,1.0,0.0,0.0,True
419a7e1b-a8f5-4ef1-8ff3-4d680dcea8df___FAM_B.Msls 4301.JPG,Esca,Esca,0.015,0.985,0.0,0.0,True
41b072e8-2992-4cdd-8296-90d0b5e8ee1f___FAM_B.Msls 3907.JPG,Esca,Esca,0.085,0.915,0.0,0.0,True
41f42bf8-8120-4535-be6b-a36b52978502___FAM_B.Msls 1329.JPG,Esca,Esca,0.005,0.975,0.01,0.01,True
47443685-01c7-438d-9001-b9b0ff698606___FAM_B.Msls 4406.JPG,Esca,Esca,0.015,0.985,0.0,0.0,True
47b0d5e3-2c8d-4528-8d6d-228deb96fcea___FAM_B.Msls 1826.JPG,Esca,Esca,0.0,0.99,0.0,0.01,True
4b1f2354-fd30-4a68-84df-c6efc783b65a___FAM_B.Msls 1158.JPG,Esca,Esca,0.055,0.945,0.0,0.0,True
4bef5630-93d6-4fe6-b814-a2320bfee67e___FAM_B.Msls 0859.JPG,Esca,Esca,0.39,0.6,0.01,0.0,True
4d32a5c9-2b48-4fcf-ace1-ab0f81def6b7___FAM_B.Msls 4101.JPG,Esca,Esca,0.0,1.0,0.0,0.0,True
4eb67c58-2763-46ed-8a2b-9cf59d86585c___FAM_B.Msls 3934.JPG,Esca,Esca,0.345,0.485,0.145,0.025,True
4ff51eae-ad78-4149-8cf6-e3f98c6f25a6___FAM_B.Msls 1275.JPG,Esca,Esca,0.0,1.0,0.0,0.0,True
50555c5d-bb92-4113-9468-e51028c75633___FAM_B.Msls 4305.JPG,Esca,Esca,0.0,1.0,0.0,0.0,True
50c96798-9450-474d-be57-a4594a948788___FAM_B.Msls 1219.JPG,Esca,Esca,0.0,1.0,0.0,0.0,True
50c9b177-aa65-4acf-b0f3-2423aa0ec904___FAM_B.Msls 4497.JPG,Esca,Esca,0.105,0.89,0.005,0.0,True
50fe0099-a071-4a3c-bc9b-de15fd7756a4___FAM_B.Msls 4311.JPG,Esca,Esca,0.15,0.75,0.025,0.075,True
51731b28-e499-4b28-9b25-5e1a63086a8c___FAM_B.Msls 1152.JPG,Esca,Esca,0.26,0.56,0.125,0.055,True
51fa1144-94aa-4cb3-9656-da49c37fa59b___FAM_B.Msls 4119.JPG,Esca,Esca,0.01,0.96,0.0,0.03,True
5328f9e6-5cd8-45de-99b6-539913d389d0___FAM_B.Msls 4003.JPG,Esca,Esca,0.005,0.985,0.0,0.01,True
54b28e48-2e49-4f03-a481-647e19b457e9___FAM_B.Msls 0939.JPG,Esca,Esca,0.0,1.0,0.0,0.0,True
553774cb-4861-4eb0-b019-b26cd7013aa1___FAM_B.Msls 1132.JPG,Esca,Esca,0.05,0.905,0.0,0.045,True
55c660e1-023d-41a6-88f5-ebf6ec9bf00a___FAM_B.Msls 1251.JPG,Esca,Esca,0.0,1.0,0.0,0.0,True
567493c2-1977-4bcc-aa03-23bad3c8a9f1___FAM_B.Msls 4083.JPG,Esca,Esca,0.01,0.975,0.0,0.015,True
567d4ee8-d891-4ce3-b81c-1351f5db81a5___FAM_B.Msls 3882.JPG,Esca,Esca,0.2,0.78,0.0,0.02,True
57f9b9d4-9fdc-444d-9481-d1d1b155967e___FAM_B.Msls 3886.JPG,Esca,Esca,0.15,0.835,0.005,0.01,True
584e36a1-75df-4581-afce-a14a9aa3cb16___FAM_B.Msls 3890.JPG,Esca,Esca,0.115,0.875,0.0,0.01,True
587ec2ee-443c-4f79-b6bd-9c8b62a8cbe4___FAM_B.Msls 3977.JPG,Esca,Esca,0.125,0.855,0.0,0.02,True
58a7a680-1399-408a-be93-f2d7ee89adb0___FAM_B.Msls 3986.JPG,Esca,Esca,0.0,1.0,0.0,0.0,True
59d2cc29-6792-42e2-a853-8e6615f45fd8___FAM_B.Msls 4489.JPG,Esca,Esca,0.09,0.845,0.03,0.035,True
5b00f3c5-f8dc-42a3-a692-dc3da81c7525___FAM_B.Msls 0833.JPG,Esca,Esca,0.26,0.715,0.02,0.005,True
5dee0443-d7d9-4c83-ba8d-31311663c790___FAM_B.Msls 3898.JPG,Esca,Esca,0.135,0.84,0.025,0.0,True
5e734970-c5ec-4900-a040-af25c7ae5754___FAM_B.Msls 0949.JPG,Esca,Esca,0.025,0.975,0.0,0.0,True
60201415-8ccf-49d7-8bea-09648905f4ef___FAM_B.Msls 4447.JPG,Esca,Esca,0.34,0.595,0.015,0.05,True
613a1888-69c1-4f3a-82fa-ace896ecae1c___FAM_B.Msls 1211.JPG,Esca,Esca,0.055,0.935,0.0,0.01,True
61ed79cb-7db4-41a2-aaf0-7d0010c3f0b1___FAM_B.Msls 1264.JPG,Esca,Esca,0.215,0.635,0.065,0.085,True
63f3535c-0927-442e-a4ee-ffce62296cb9___FAM_B.Msls 3811.JPG,Esca,Esca,0.25,0.49,0.025,0.235,True
64f1da10-84e0-472c-a863-777e37da5f49___FAM_B.Msls 1295.JPG,Esca,Esca,0.07,0.875,0.0,0.055,True
652b34a8-6a6d-4ebd-96d5-ec221683ca3f___FAM_B.Msls 0929.JPG,Esca,Esca,0.045,0.91,0.0,0.045,True
67b71801-02de-4909-ba7a-e60b0855ccfc___FAM_B.Msls 3868.JPG,Esca,Esca,0.12,0.87,0.0,0.01,True
68508b25-aff4-4a35-959b-31acd9e42430___FAM_B.Msls 1810.JPG,Esca,Esca,0.0,0.97,0.0,0.03,True
6859994c-de46-4b2a-9efd-9ae52f56f1c7___FAM_B.Msls 0972.JPG,Esca,Esca,0.45,0.525,0.005,0.02,True
68bd7afa-d0ff-486e-b4ab-c98a91d492ce___FAM_B.Msls 3830.JPG,Esca,Esca,0.03,0.945,0.005,0.02,True
68c494f0-3238-4210-96c2-cec0c87ad150___FAM_B.Msls 4492.JPG,Esca,Esca,0.04,0.955,0.0,0.005,True
6a3d7f85-1cdb-4a13-85da-ecd3b91fe99f___FAM_B.Msls 4408.JPG,Esca,Esca,0.0,1.0,0.0,0.0,True
6cb2bc16-bab3-417d-9bec-4976969546bb___FAM_B.Msls 4463.JPG,Esca,Esca,0.075,0.92,0.0,0.005,True
6e2af83a-9b10-47b6-b053-d5e858a5e25b___FAM_B.Msls 1312.JPG,Esca,Esca,0.005,0.995,0.0,0.0,True
70bc78b7-f512-4e4e-b3e3-b9aaf357e947___FAM_B.Msls 3793.JPG,Esca,Black_rot,0.625,0.325,0.005,0.045,False
70fed7a8-65fc-475a-9459-752e8f98556e___FAM_B.Msls 1177.JPG,Esca,Esca,0.44,0.56,0.0,0.0,True
7112eab8-38fb-4fae-b00f-aa6006a3e67a___FAM_B.Msls 3794.JPG,Esca,Black_rot,0.51,0.45,0.005,0.035,False
71c85a06-efe2-43bd-aaff-34818eb95232___FAM_B.Msls 0900.JPG,Esca,Esca,0.35,0.635,0.0,0.015,True
7272a251-7c94-4550-8b0d-9f948c1c49a2___FAM_B.Msls 4418.JPG,Esca,Esca,0.0,1.0,0.0,0.0,True
72a24fb2-e95f-4355-8122-896da4e3e515___FAM_B.Msls 4417.JPG,Esca,Esca,0.185,0.805,0.005,0.005,True
730c6639-9128-44d2-9726-533876c266ac___FAM_B.Msls 1357.JPG,Esca,Esca,0.335,0.49,0.08,0.095,True
745ce798-85c3-4fa6-b743-09d3645b3c4d___FAM_B.Msls 4189.JPG,Esca,Esca,0.0,1.0,0.0,0.0,True
75dc7357-a936-4f3b-b099-eaec6ad03527___FAM_B.Msls 1761.JPG,Esca,Black_rot,0.72,0.22,0.01,0.05,False
75ed4810-ffcd-4a23-aa60-3865cc2af70f___FAM_B.Msls 4340.JPG,Esca,Esca,0.2,0.795,0.0,0.005,True
79e261e6-ab89-4675-973c-bf55a6843e35___FAM_B.Msls 4335.JPG,Esca,Esca,0.045,0.95,0.005,0.0,True
7a883f12-060f-4e0a-bd1e-b9100d9cd7d8___FAM_B.Msls 1052.JPG,Esca,Esca,0.0,1.0,0.0,0.0,True
7ae3e5e6-397e-4740-a5f5-f3043a093231___FAM_B.Msls 4029.JPG,Esca,Esca,0.0,1.0,0.0,0.0,True
7b47e162-0e3e-41c7-93fe-63a1466d7609___FAM_B.Msls 3893.JPG,Esca,Esca,0.045,0.94,0.0,0.015,True
7bcb5a22-1009-43b6-b077-8e84a7c6ba23___FAM_B.Msls 1115.JPG,Esca,Esca,0.025,0.965,0.0,0.01,True
7bcd5517-4745-49e4-93cf-5935f0ea9e3b___FAM_B.Msls 0896.JPG,Esca,Black_rot,0.465,0.46,0.03,0.045,False
7c9f567d-4901-46e5-b31c-f7b77922b910___FAM_B.Msls 0891.JPG,Esca,Esca,0.35,0.635,0.005,0.01,True
7e504a9a-62b9-4472-87e8-272e64af9d4b___FAM_B.Msls 4334.JPG,Esca,Esca,0.185,0.735,0.065,0.015,True
7fd6b840-34c5-4f51-bf28-49d4709b4592___FAM_B.Msls 1843.JPG,Esca,Esca,0.035,0.94,0.005,0.02,True
7fda80a2-5f7e-4e29-bbf4-6d76569e4cb3___FAM_B.Msls 1212.JPG,Esca,Esca,0.055,0.94,0.0,0.005,True
820171f3-a985-424d-920f-f18d30d7c8be___FAM_B.Msls 3812.JPG,Esca,Esca,0.305,0.645,0.0,0.05,True
8442f102-0b5b-479f-8a6e-491b2e906d11___FAM_B.Msls 3863.JPG,Esca,Esca,0.04,0.96,0.0,0.0,True
8444c73a-83ee-49f9-b2f4-6e2e31d66e02___FAM_B.Msls 3927.JPG,Esca,Esca,0.015,0.985,0.0,0.0,True
854f114c-74d1-4dae-a173-e505ef290fac___FAM_B.Msls 4055.JPG,Esca,Esca,0.0,1.0,0.0,0.0,True
86fcf2a5-6964-4caa-aecf-9b42f14b75dc___FAM_B.Msls 3989.JPG,Esca,Esca,0.025,0.975,0.0,0.0,True
86ff07ed-71df-47b7-8af8-c625511935d1___FAM_B.Msls 1265.JPG,Esca,Esca,0.395,0.465,0.065,0.075,True
87764f31-69bd-4744-87f9-a1889f50e186___FAM_B.Msls 1286.JPG,Esca,Esca,0.2,0.69,0.05,0.06,True
89265561-e2ab-4c9b-a649-909f2cbf5d01___FAM_B.Msls 4219.JPG,Esca,Esca,0.005,0.995,0.0,0.0,True
892cb949-3689-44db-ab0a-d37729adae8f___FAM_B.Msls 0831.JPG,Esca,Black_rot,0.475,0.39,0.07,0.065,False
8a0b6e63-15e9-47db-a1b8-37ed43e1b1e0___FAM_B.Msls 1234.JPG,Esca,Esca,0.03,0.965,0.0,0.005,True
8a8589af-b795-4f9a-85ff-c03d93d3de1a___FAM_B.Msls 0924.JPG,Esca,Esca,0.15,0.665,0.0,0.185,True
8b993fb5-c4d9-4597-805c-9a8d577bc581___FAM_B.Msls 1187.JPG,Esca,Esca,0.01,0.99,0.0,0.0,True
8bb24787-f86e-4c6a-90aa-cfebf35878ee___FAM_B.Msls 1024.JPG,Esca,Esca,0.0,1.0,0.0,0.0,True
8c3515a7-2962-41f4-80e0-f9b399054f9c___FAM_B.Msls 1346.JPG,Esca,Esca,0.0,1.0,0.0,0.0,True
8cd6f5a4-b50a-4701-9961-470f57ebf869___FAM_B.Msls 3937.JPG,Esca,Esca,0.34,0.65,0.0,0.01,True
8d907fe6-7955-4b37-912a-70aea1ae8d02___FAM_B.Msls 3900.JPG,Esca,Esca,0.155,0.77,0.005,0.07,True
8dde844c-0ff3-49dc-8d81-e643a5d38a63___FAM_B.Msls 4042.JPG,Esca,Esca,0.0,1.0,0.0,0.0,True
8e4c7dc2-646b-428a-9351-9025a07e30bc___FAM_B.Msls 1344.JPG,Esca,Esca,0.015,0.985,0.0,0.0,True
910dc3b9-2237-475a-b211-2e36a380c60d___FAM_B.Msls 4439.JPG,Esca,Esca,0.085,0.885,0.03,0.0,True
9123d7b2-e9ed-4cdd-a616-7c0ebcfef10c___FAM_B.Msls 1042.JPG,Esca,Esca,0.0,1.0,0.0,0.0,True
913fb01a-40e2-454b-bc87-aba0669633cf___FAM_B.Msls 3910.JPG,Esca,Esca,0.345,0.635,0.015,0.005,True
9304503a-f7cb-4435-a794-85d1544bbcab___FAM_B.Msls 1151.JPG,Esca,Esca,0.335,0.625,0.0,0.04,True
94e3e74d-faf9-4ab6-b28c-ee02a8d3720b___FAM_B.Msls 4426.JPG,Esca,Esca,0.24,0.28,0.26,0.22,True
97822070-4ab0-4640-87cc-0b847203e371___FAM_B.Msls 1055.JPG,Esca,Esca,0.0,1.0,0.0,0.0,True
97af59b0-ff69-4a55-9be3-bda181b789cd___FAM_B.Msls 4402.JPG,Esca,Esca,0.175,0.785,0.005,0.035,True
989c0a62-1c16-48bd-8721-fb4bbf1e313f___FAM_B.Msls 4384.JPG,Esca,Esca,0.44,0.545,0.0,0.015,True
9994c140-6ebe-4c48-a4b5-0ea65eed42d4___FAM_B.Msls 1825.JPG,Esca,Esca,0.025,0.975,0.0,0.0,True
99fcdf23-f7da-463f-9e16-d2ee1c61bb37___FAM_B.Msls 1180.JPG,Esca,Esca,0.39,0.425,0.005,0.18,True
9b3def52-3cd5-4aa4-a265-1c99a67203e2___FAM_B.Msls 1820.JPG,Esca,Esca,0.02,0.965,0.0,0.015,True
9db151ca-40a4-4877-91f0-fccdc1fd1f74___FAM_B.Msls 1051.JPG,Esca,Esca,0.025,0.965,0.0,0.01,True
9dcd95af-8c0e-467d-85a7-4aae82e603b8___FAM_B.Msls 4040.JPG,Esca,Esca,0.06,0.855,0.005,0.08,True
9e5d5657-1fde-45df-8e0d-648107f38396___FAM_B.Msls 1214.JPG,Esca,Esca,0.09,0.87,0.02,0.02,True
9f6e3bec-dac0-4807-9f96-72dcb67e93a8___FAM_B.Msls 1333.JPG,Esca,Esca,0.055,0.935,0.0,0.01,True
9fc987e0-a8b8-46c7-bee6-d00986c82399___FAM_B.Msls 1088.JPG,Esca,Esca,0.345,0.64,0.0,0.015,True
9fe9978e-dd78-4240-a041-8c1bed80b96f___FAM_B.Msls 1276.JPG,Esca,Esca,0.17,0.825,0.0,0.005,True
9fe9e1f3-69b7-4798-b86a-fabc95ed4f01___FAM_B.Msls 4256.JPG,Esca,Esca,0.06,0.935,0.0,0.005,True
a1b6f31d-4cf0-469f-89a4-70270992286e___FAM_B.Msls 4434.JPG,Esca,Esca,0.185,0.775,0.03,0.01,True
a2027312-f55d-4e37-8f96-1dd323ae2336___FAM_B.Msls 4095.JPG,Esca,Esca,0.0,1.0,0.0,0.0,True
a3211c59-f2c0-402c-9264-b663d2a84b69___FAM_B.Msls 1839.JPG,Esca,Esca,0.03,0.955,0.0,0.015,True
a3924405-5ec6-454a-81db-eaab34a96052___FAM_B.Msls 1184.JPG,Esca,Esca,0.005,0.995,0.0,0.0,True
a481749c-81a0-4d65-a41d-cc2008fa5e7a___FAM_B.Msls 4129.JPG,Esca,Esca,0.0,1.0,0.0,0.0,True
a4b05803-14e4-4551-acb5-ace444f7dac4___FAM_B.Msls 1852.JPG,Esca,Esca,0.08,0.49,0.03,0.4,True
a5c19696-e040-4864-941d-74b4cd774ee4___FAM_B.Msls 4363.JPG,Esca,Esca,0.03,0.965,0.005,0.0,True
a6183ab0-4b4a-4b00-ba1c-f8fd75aae97c___FAM_B.Msls 1846.JPG,Esca,Esca,0.01,0.985,0.0,0.005,True
a75dac74-44d7-4fea-9b98-0c10b87ea7b9___FAM_B.Msls 1270.JPG,Esca,Esca,0.1,0.87,0.015,0.015,True
aa84c232-fb90-4c59-89a8-5911dbe4f5a0___FAM_B.Msls 4214.JPG,Esca,Esca,0.0,1.0,0.0,0.0,True
ab311649-286e-45bd-90c8-85d5b89ff2a0___FAM_B.Msls 0910.JPG,Esca,Esca,0.02,0.97,0.0,0.01,True
ab8a8cb6-8fd5-4bb4-934a-a37dabacd13b___FAM_B.Msls 1877.JPG,Esca,Esca,0.19,0.67,0.005,0.135,True
ab916331-4f8d-4993-a333-85503ad30362___FAM_B.Msls 4165.JPG,Esca,Esca,0.005,0.995,0.0,0.0,True
ad30ef01-cf78-4852-935b-af9d68417071___FAM_B.Msls 1168.JPG,Esca,Esca,0.06,0.925,0.0,0.015,True
ae8da35b-167a-4121-a2b6-6eac31019a32___FAM_B.Msls 3972.JPG,Esca,Esca,0.08,0.905,0.0,0.015,True
ae9eae88-91a7-4762-8a7e-8edf3c73768d___FAM_B.Msls 1001.JPG,Esca,Esca,0.005,0.995,0.0,0.0,True
af5b6bad-2b57-4337-83de-b1efb21f0282___FAM_B.Msls 4272.JPG,Esca,Esca,0.025,0.975,0.0,0.0,True
af874436-214a-4670-9244-3cbf9036a035___FAM_B.Msls 4076.JPG,Esca,Esca,0.005,0.99,0.0,0.005,True
afca0404-11b1-4b5f-8e10-92d578903ef4___FAM_B.Msls 1119.JPG,Esca,Esca,0.0,1.0,0.0,0.0,True
b096abb4-3ee6-472f-a6c5-106708e438ff___FAM_B.Msls 1004.JPG,Esca,Esca,0.0,1.0,0.0,0.0,True
b18a5f5f-1d42-433b-ab66-7f63ef18ca2b___FAM_B.Msls 4015.JPG,Esca,Esca,0.0,1.0,0.0,0.0,True
b32b1e1d-a0e4-4959-bd2d-89710def27a6___FAM_B.Msls 1053.JPG,Esca,Esca,0.11,0.89,0.0,0.0,True
b3b40eba-e9a9-436b-9fd4-8d2dbed44fad___FAM_B.Msls 4309.JPG,Esca,Esca,0.2,0.65,0.005,0.145,True
b4865ce8-8ed7-4993-87f1-c8f0c2840248___FAM_B.Msls 4041.JPG,Esca,Esca,0.015,0.975,0.0,0.01,True
b4b43ac8-f6d6-4ece-8a7b-0991927992b8___FAM_B.Msls 1077.JPG,Esca,Esca,0.155,0.795,0.01,0.04,True
b5cd7194-ba06-4fd5-a24c-4c384f49e65b___FAM_B.Msls 4232.JPG,Esca,Esca,0.16,0.77,0.025,0.045,True
b73462d3-e595-4cbe-93ec-5c755a0de73d___FAM_B.Msls 0945.JPG,Esca,Esca,0.01,0.98,0.0,0.01,True
b7c11789-fbc0-4fab-bc35-d049e74c8ee7___FAM_B.Msls 0874.JPG,Esca,Esca,0.46,0.49,0.05,0.0,True
b90c684d-49c7-4e9f-88a2-8b8b726f4b90___FAM_B.Msls 3862.JPG,Esca,Esca,0.255,0.7,0.015,0.03,True
ba941513-ca40-4291-8312-2728ac7b17cb___FAM_B.Msls 1006.JPG,Esca,Esca,0.0,1.0,0.0,0.0,True
bccb0d63-23d0-4616-b045-73fd6bb1df0d___FAM_B.Msls 1183.JPG,Esca,Esca,0.0,1.0,0.0,0.0,True
bd2b90ce-dd82-4819-91ec-4dea2a08f696___FAM_B.Msls 4125.JPG,Esca,Esca,0.02,0.96,0.0,0.02,True
bf607e80-310a-4111-8ca1-30ba05d06d47___FAM_B.Msls 3919.JPG,Esca,Esca,0.035,0.96,0.0,0.005,True
bff82ef7-9721-487a-9622-8518213526a4___FAM_B.Msls 4233.JPG,Esca,Esca,0.115,0.86,0.01,0.015,True
c00ce9a9-0b56-40cd-abd1-c415a159a736___FAM_B.Msls 3997.JPG,Esca,Esca,0.03,0.955,0.0,0.015,True
c0ebc0c5-a66a-4395-8d7f-e28793137660___FAM_B.Msls 1113.JPG,Esca,Esca,0.0,1.0,0.0,0.0,True
c1015ba9-4629-43eb-90a2-accfed27b787___FAM_B.Msls 1830.JPG,Esca,Esca,0.08,0.895,0.0,0.025,True
c192a2be-38bb-4340-a0df-d7f74d0c85de___FAM_B.Msls 3982.JPG,Esca,Esca,0.02,0.975,0.005,0.0,True
c1d4a89c-d1b9-4363-9b2e-d1e5a6b04062___FAM_B.Msls 0994.JPG,Esca,Esca,0.155,0.83,0.0,0.015,True
c26ad9b9-bc59-4cf1-93d3-630fba7ee460___FAM_B.Msls 4187.JPG,Esca,Esca,0.04,0.885,0.0,0.075,True
c2b1ba42-7911-4013-93ed-111745171f0a___FAM_B.Msls 4386.JPG,Esca,Esca,0.3,0.625,0.07,0.005,True
c449f5bb-9b5e-40f9-925e-63305a6f8c3f___FAM_B.Msls 1091.JPG,Esca,Esca,0.005,0.995,0.0,0.0,True
c6cd3552-c1c5-430b-a45c-7a6dfdacbac3___FAM_B.Msls 1736.JPG,Esca,Esca,0.23,0.505,0.0,0.265,True
c842ee54-3460-4998-816e-72c1def7fd8b___FAM_B.Msls 1145.JPG,Esca,Esca,0.025,0.975,0.0,0.0,True
ca1fd8c8-651f-4301-b3b6-a669dc020422___FAM_B.Msls 4224.JPG,Esca,Esca,0.0,1.0,0.0,0.0,True
ca2e1a39-3d21-4400-b11c-f4221e46e957___FAM_B.Msls 4401.JPG,Esca,Esca,0.02,0.975,0.0,0.005,True
cc40d22e-41ff-433f-a36f-57cd9dab83c3___FAM_B.Msls 4093.JPG,Esca,Esca,0.005,0.975,0.0,0.02,True
cc7aef78-dc8b-4116-a0ba-e704667acece___FAM_B.Msls 1801.JPG,Esca,Esca,0.06,0.935,0.0,0.005,True
cd0ddfc3-f4aa-469e-8d8a-d38dcfad93cc___FAM_B.Msls 1758.JPG,Esca,Esca,0.135,0.83,0.005,0.03,True
cd837043-ba7c-4499-b266-a821dc1b83d2___FAM_B.Msls 1807.JPG,Esca,Esca,0.025,0.97,0.0,0.005,True
cf923fe2-5721-4594-b77f-5918fcf744ee___FAM_B.Msls 0845.JPG,Esca,Esca,0.045,0.955,0.0,0.0,True
d06da1d8-67c0-44d5-b34d-ee74a4602138___FAM_B.Msls 1868.JPG,Esca,Esca,0.19,0.535,0.01,0.265,True
d0f85383-4cd9-4562-9978-206cbbf7d22a___FAM_B.Msls 1876.JPG,Esca,Esca,0.08,0.79,0.055,0.075,True
d235c093-08ec-48ab-87b0-0852d878e920___FAM_B.Msls 1244.JPG,Esca,Esca,0.02,0.975,0.0,0.005,True
d283be4c-a249-4ae1-9134-5c7e7f761fe3___FAM_B.Msls 4469.JPG,Esca,Esca,0.0,1.0,0.0,0.0,True
d2c649a3-29f5-4324-bb68-b10c4de79b9d___FAM_B.Msls 1799.JPG,Esca,Esca,0.005,0.995,0.0,0.0,True
d439819a-7863-48da-aec8-95a8bd45bf99___FAM_B.Msls 1028.JPG,Esca,Esca,0.0,1.0,0.0,0.0,True
d59bea04-30f0-41fe-ab07-e377815816c3___FAM_B.Msls 4018.JPG,Esca,Esca,0.03,0.965,0.0,0.005,True
d6866b19-3ef9-4989-a4e0-e9b69d6dc5da___FAM_B.Msls 4221.JPG,Esca,Esca,0.01,0.985,0.0,0.005,True
d6d55694-3887-46aa-9dc6-e6dbee509343___FAM_B.Msls 4296.JPG,Esca,Esca,0.0,1.0,0.0,0.0,True
d8206850-807e-453c-9230-be4338a85f9d___FAM_B.Msls 4030.JPG,Esca,Esca,0.01,0.985,0.0,0.005,True
d98dd678-86d3-4a34-bb76-da21ec123a70___FAM_B.Msls 4226.JPG,Esca,Esca,0.01,0.985,0.0,0.005,True
db29b18d-163d-4566-81cb-1242ba4fb0c8___FAM_B.Msls 1012.JPG,Esca,Esca,0.04,0.945,0.0,0.015,True
dce37f12-02c9-4bbd-a140-3410df07724b___FAM_B.Msls 1354.JPG,Esca,Esca,0.045,0.95,0.0,0.005,True
dd48c60e-0d52-41c3-b1a9-9fe110afcb78___FAM_B.Msls 1207.JPG,Esca,Esca,0.08,0.915,0.005,0.0,True
de99b05b-3c54-41b1-b4bf-fc548de17675___FAM_B.Msls 3823.JPG,Esca,Esca,0.015,0.98,0.0,0.005,True
dead31a7-e533-413b-abb1-73a687145bbe___FAM_B.Msls 0827.JPG,Esca,Black_rot,0.645,0.295,0.01,0.05,False
decd47b1-34d6-40f8-94d3-2fcaba5ea7d2___FAM_B.Msls 4388.JPG,Esca,Esca,0.045,0.95,0.005,0.0,True
df11f62e-738e-4879-b37c-8f6ba65cde0c___FAM_B.Msls 1129.JPG,Esca,Esca,0.0,1.0,0.0,0.0,True
e460685d-6204-4f40-bae4-74fc001e2dae___FAM_B.Msls 4025.JPG,Esca,Esca,0.0,0.995,0.0,0.005,True
e4b39784-a3a9-4c27-b265-03a3f30e04ef___FAM_B.Msls 1818.JPG,Esca,Esca,0.0,1.0,0.0,0.0,True
e518814c-da2c-40c0-856a-a3d43c1e404b___FAM_B.Msls 3980.JPG,Esca,Esca,0.01,0.975,0.0,0.015,True
e58e8a6b-5bcf-414c-8891-ff7d891ef5f6___FAM_B.Msls 3798.JPG,Esca,Esca,0.345,0.575,0.0,0.08,True
e72181bf-4291-4de7-90bc-4ae94e716a04___FAM_B.Msls 4143.JPG,Esca,Esca,0.0,0.995,0.0,0.005,True
e7d466cb-8bc3-4b43-9f59-8eea814de5e8___FAM_B.Msls 0959.JPG,Esca,Esca,0.0,1.0,0.0,0.0,True
e8ca95a9-3716-4f7c-a466-b31b4532f835___FAM_B.Msls 1269.JPG,Esca,Esca,0.0,1.0,0.0,0.0,True
e9074b27-fc6b-428b-81f0-53aa32111ba6___FAM_B.Msls 4400.JPG,Esca,Esca,0.0,0.995,0.0,0.005,True
e923c5ba-9751-49d2-bd83-c8caa16c3f26___FAM_B.Msls 4318.JPG,Esca,Esca,0.09,0.905,0.005,0.0,True
eb6f0cb7-781d-4b62-865f-ed7251ccbdf7___FAM_B.Msls 4009.JPG,Esca,Esca,0.0,1.0,0.0,0.0,True
eb7eb704-11ad-409c-a94d-94ff35a091ba___FAM_B.Msls 4415.JPG,Esca,Esca,0.09,0.9,0.01,0.0,True
eb8e982f-0162-48a9-b989-3e523ad702a3___FAM_B.Msls 1252.JPG,Esca,Esca,0.0,1.0,0.0,0.0,True
ebaef57f-4abf-4f25-8434-c94e4658a2d3___FAM_B.Msls 3825.JPG,Esca,Esca,0.04,0.96,0.0,0.0,True
ec930fce-3e79-45eb-a0bb-af2acce81c11___FAM_B.Msls 3846.JPG,Esca,Esca,0.135,0.845,0.0,0.02,True
ecc16a7d-48b2-4fd5-b460-65d2dd488990___FAM_B.Msls 1079.JPG,Esca,Esca,0.0,1.0,0.0,0.0,True
ecccbe4f-a1c1-4359-8059-8085dcf199ad___FAM_B.Msls 4105.JPG,Esca,Esca,0.015,0.98,0.0,0.005,True
ed99773d-d7ad-4d6d-a114-5311a02d0fda___FAM_B.Msls 1875.JPG,Esca,Black_rot,0.51,0.4,0.0,0.09,False
ee28de90-ddd7-4a93-8a4d-d3320d6590ea___FAM_B.Msls 4442.JPG,Esca,Esca,0.115,0.875,0.0,0.01,True
ee6d868f-c7a2-400c-aa5e-2e8adeae885a___FAM_B.Msls 4159.JPG,Esca,Esca,0.09,0.775,0.0,0.135,True
f14f2685-988b-4f16-bb93-b6ba0bf511d4___FAM_B.Msls 1107.JPG,Esca,Esca,0.11,0.865,0.0,0.025,True
f16c6e21-179e-4c4f-b23e-e7c7bd31815e___FAM_B.Msls 1301.JPG,Esca,Esca,0.165,0.82,0.0,0.015,True
f17a309c-7c2c-4af2-9241-554535e7f857___FAM_B.Msls 4217.JPG,Esca,Esca,0.0,0.98,0.0,0.02,True
f1f2742f-8047-41b1-b852-55ccae76e034___FAM_B.Msls 4373.JPG,Esca,Esca,0.01,0.99,0.0,0.0,True
f21538e8-7615-4629-9bcd-3ad47cc60c42___FAM_B.Msls 4465.JPG,Esca,Esca,0.075,0.92,0.0,0.005,True
f2164022-24f0-4d1f-97dd-63ca568372e9___FAM_B.Msls 1167.JPG,Esca,Esca,0.305,0.685,0.0,0.01,True
f5f44cb5-a535-4e04-a872-e961cffcdd4a___FAM_B.Msls 4328.JPG,Esca,Esca,0.145,0.81,0.03,0.015,True
f6a14f82-c522-43b3-b371-4872f1b569c6___FAM_B.Msls 0907.JPG,Esca,Esca,0.085,0.86,0.01,0.045,True
f8ede950-6e0f-414d-9c9d-2b38c3a3a6ad___FAM_B.Msls 4222.JPG,Esca,Esca,0.0,1.0,0.0,0.0,True
fb1fddab-023e-4dc5-aff7-5db33c755b50___FAM_B.Msls 0839.JPG,Esca,Esca,0.38,0.57,0.04,0.01,True
fcc49391-8e58-4642-ba24-dbdc21948983___FAM_B.Msls 0862.JPG,Esca,Healthy,0.26,0.055,0.68,0.005,False
fd4a5af2-ae23-44a8-a18e-44e5cda6d683___FAM_B.Msls 3976.JPG,Esca,Esca,0.06,0.925,0.005,0.01,True
fda9b856-d033-436f-b5ff-5afa3cdd0132___FAM_B.Msls 3998.JPG,Esca,Esca,0.0,1.0,0.0,0.0,True
0163a6aa-fbf8-47c5-965f-59b6efe8bfe5___Mt.N.V_HL 6103.JPG,Healthy,Healthy,0.0,0.0,1.0,0.0,True
07d28aaf-09ea-4223-9a65-88ef49e54924___Mt.N.V_HL 9121.JPG,Healthy,Healthy,0.11,0.07,0.815,0.005,True
0cd6cdbd-1674-4abb-b734-756da4994cd0___Mt.N.V_HL 6052.JPG,Healthy,Healthy,0.015,0.005,0.975,0.005,True
0ec29818-c70e-4586-9481-3201a67b7910___Mt.N.V_HL 6175.JPG,Healthy,Healthy,0.01,0.0,0.99,0.0,True
103b436c-40f5-40e7-b292-ae1bc619e194___Mt.N.V_HL 6084.JPG,Healthy,Healthy,0.0,0.0,1.0,0.0,True
116c65e1-9d66-4aee-b151-6b8cd8319c2d___Mt.N.V_HL 9106.JPG,Healthy,Healthy,0.03,0.0,0.97,0.0,True
1180dbb8-4509-4f56-a5f6-15ceac163ff9___Mt.N.V_HL 8928.JPG,Healthy,Healthy,0.005,0.0,0.995,0.0,True
11a9b188-754b-45b5-a498-590bfdeb2643___Mt.N.V_HL 6159.JPG,Healthy,Healthy,0.04,0.01,0.95,0.0,True
11c32403-6d55-4f16-8c16-fae9c04a9920___Mt.N.V_HL 9008.JPG,Healthy,Healthy,0.0,0.0,1.0,0.0,True
12ad3257-385c-43f3-bed7-629d15c7d581___Mt.N.V_HL 6104.JPG,Healthy,Healthy,0.02,0.0,0.98,0.0,True
14014978-72c9-49a4-949d-4fd1e9998dda___Mt.N.V_HL 8976.JPG,Healthy,Healthy,0.0,0.0,0.99,0.01,True
14ffc2c7-87a8-4419-a250-a46593684397___Mt.N.V_HL 6095.JPG,Healthy,Healthy,0.01,0.0,0.99,0.0,True
1665e179-a04d-4c61-8a64-d228e0344b62___Mt.N.V_HL 6073.JPG,Healthy,Healthy,0.0,0.0,1.0,0.0,True
18db578d-ab6c-4469-8e07-01d8c211a91f___Mt.N.V_HL 8983.JPG,Healthy,Healthy,0.005,0.0,0.995,0.0,True
215c8317-c0ca-4b35-9ac2-28e01712e367___Mt.N.V_HL 8914.JPG,Healthy,Healthy,0.0,0.0,1.0,0.0,True
2211cfa2-311c-41f0-aba5-9bdef8037f20___Mt.N.V_HL 6051.JPG,Healthy,Healthy,0.0,0.0,0.975,0.025,True
25180138-3b60-452e-ac9c-70b664d315e8___Mt.N.V_HL 8988.JPG,Healthy,Healthy,0.01,0.005,0.985,0.0,True
2535a8a8-1676-482d-bf8e-6f4c54f87fc6___Mt.N.V_HL 6080.JPG,Healthy,Healthy,0.0,0.0,1.0,0.0,True
2b4a92e2-a039-45eb-ad1a-ee9914dfeefe___Mt.N.V_HL 6177.JPG,Healthy,Healthy,0.055,0.03,0.91,0.005,True
2bd2ff11-36dc-43ec-888c-efa38601ef88___Mt.N.V_HL 8907.JPG,Healthy,Healthy,0.0,0.0,1.0,0.0,True
2e7eb5d4-9e80-4db5-9b59-6414fa90d1c7___Mt.N.V_HL 8903.JPG,Healthy,Healthy,0.0,0.0,1.0,0.0,True
394d4600-121b-4ecb-9c34-c70f8e3e0377___Mt.N.V_HL 9047.JPG,Healthy,Healthy,0.0,0.015,0.985,0.0,True
3c593da4-e1df-460c-98a9-2bc71df670d5___Mt.N.V_HL 8970.JPG,Healthy,Healthy,0.03,0.0,0.965,0.005,True
40802018-54d4-4be9-8dd3-0856e6dac368___Mt.N.V_HL 9050.JPG,Healthy,Healthy,0.015,0.0,0.985,0.0,True
41506a32-a472-4ca3-a8e0-4980c179096b___Mt.N.V_HL 6206.JPG,Healthy,Healthy,0.0,0.0,1.0,0.0,True
41b69ecd-4f54-4601-981e-8e5659f4ab76___Mt.N.V_HL 9071.JPG,Healthy,Healthy,0.005,0.005,0.985,0.005,True
4bd0c235-94b2-4d5d-a76e-58df595e7802___Mt.N.V_HL 6032.JPG,Healthy,Healthy,0.035,0.0,0.945,0.02,True
4e284d07-22f2-460c-b43e-53469538a8cb___Mt.N.V_HL 6146.JPG,Healthy,Healthy,0.0,0.0,0.995,0.005,True
55b69a06-7f10-41b1-8033-cc9e6c2bea5c___Mt.N.V_HL 8949.JPG,Healthy,Healthy,0.0,0.0,1.0,0.0,True
580e79e8-9e89-41c8-930c-bd3eafb818b2___Mt.N.V_HL 6196.JPG,Healthy,Healthy,0.075,0.025,0.89,0.01,True
5cb0aff8-6889-46d4-b283-da8f77761523___Mt.N.V_HL 8909.JPG,Healthy,Healthy,0.0,0.0,1.0,0.0,True
61c3750a-b90a-4d1b-b907-8683be4faa13___Mt.N.V_HL 9084.JPG,Healthy,Healthy,0.035,0.0,0.95,0.015,True
698a1cd5-2ad0-4a76-bb73-65918083df56___Mt.N.V_HL 6160.JPG,Healthy,Healthy,0.055,0.02,0.905,0.02,True
6cf81f1f-7f6b-4e06-a0b5-c466e840feed___Mt.N.V_HL 8930.JPG,Healthy,Healthy,0.025,0.005,0.97,0.0,True
6de2d606-dc73-4cae-a8f9-e223085e56bd___Mt.N.V_HL 9007.JPG,Healthy,Healthy,0.01,0.0,0.99,0.0,True
6ff46c3b-bcbe-4a9b-8286-425cb92cb2ee___Mt.N.V_HL 8947.JPG,Healthy,Healthy,0.005,0.0,0.995,0.0,True
765ec43d-a790-4470-afc9-ff1ba4eb7214___Mt.N.V_HL 9112.JPG,Healthy,Healthy,0.0,0.0,1.0,0.0,True
7c10d5ab-f960-4fa6-a965-8c825df24810___Mt.N.V_HL 9041.JPG,Healthy,Healthy,0.01,0.0,0.99,0.0,True
7e72db84-6afb-408b-b0de-d1b16e9a48af___Mt.N.V_HL 6050.JPG,Healthy,Healthy,0.06,0.01,0.905,0.025,True
81c43511-4903-46db-9022-38c756418f34___Mt.N.V_HL 9124.JPG,Healthy,Healthy,0.045,0.005,0.95,0.0,True
87a06463-e4b9-477b-b294-c2eeb59ba485___Mt.N.V_HL 9006.JPG,Healthy,Healthy,0.005,0.0,0.995,0.0,True
87d84f4b-0dfa-46f5-9bf9-87b3bb636d65___Mt.N.V_HL 6038.JPG,Healthy,Healthy,0.06,0.0,0.925,0.015,True
8a5dff69-180d-4a14-b8e1-b9e1374202c5___Mt.N.V_HL 6098.JPG,Healthy,Healthy,0.115,0.06,0.805,0.02,True
8af21b75-7158-4286-acdf-ef35cf54fe26___Mt.N.V_HL 6116.JPG,Healthy,Healthy,0.025,0.0,0.975,0.0,True
8c3b791e-e2e5-4f3b-8183-610458658926___Mt.N.V_HL 8982.JPG,Healthy,Healthy,0.01,0.0,0.99,0.0,True
8e9f476c-e7ea-496e-a367-d384d1be2654___Mt.N.V_HL 8995.JPG,Healthy,Healthy,0.0,0.0,1.0,0.0,True
8fab615a-502c-4044-b863-459b04a70158___Mt.N.V_HL 8990.JPG,Healthy,Healthy,0.0,0.0,1.0,0.0,True
944da534-67c1-4f04-8fa7-1e11492736ed___Mt.N.V_HL 6186.JPG,Healthy,Healthy,0.0,0.0,1.0,0.0,True
97c0552c-1cd6-4813-9608-3735b9867f98___Mt.N.V_HL 6046.JPG,Healthy,Healthy,0.205,0.125,0.635,0.035,True
98a433ea-a772-4549-8539-fa96e54bfffc___Mt.N.V_HL 6088.JPG,Healthy,Healthy,0.235,0.11,0.43,0.225,True
99edf5b5-3b65-47bc-8eb9-c9ff2582a28d___Mt.N.V_HL 8972.JPG,Healthy,Healthy,0.0,0.0,0.995,0.005,True
9bca2bb8-b017-4d2b-ae0a-257916d55952___Mt.N.V_HL 8937.JPG,Healthy,Healthy,0.145,0.04,0.705,0.11,True
9d1124c3-4be4-4998-b1f8-92b0d0f699a1___Mt.N.V_HL 8917.JPG,Healthy,Healthy,0.0,0.0,1.0,0.0,True
9d298426-9f1f-4d43-a568-f38790eaff75___Mt.N.V_HL 9025.JPG,Healthy,Healthy,0.0,0.0,1.0,0.0,True
9e6f4d5f-c44a-40f0-bfbc-dcf0ef5f1371___Mt.N.V_HL 8940.JPG,Healthy,Healthy,0.15,0.01,0.815,0.025,True
9f569d96-a582-4c82-827a-b4467382cc64___Mt.N.V_HL 9067.JPG,Healthy,Healthy,0.01,0.005,0.985,0.0,True
a23b47a4-048d-4992-bc61-f3adec202543___Mt.N.V_HL 6113.JPG,Healthy,Healthy,0.165,0.08,0.615,0.14,True
a523dc0c-8d71-4bd4-b1c5-13f1b594c882___Mt.N.V_HL 8922.JPG,Healthy,Healthy,0.0,0.0,1.0,0.0,True
a58dadba-775a-4053-8261-16a071479d1c___Mt.N.V_HL 9027.JPG,Healthy,Healthy,0.0,0.0,1.0,0.0,True
abe2906e-bb00-466f-bf7c-72ef59a5ea82___Mt.N.V_HL 9062.JPG,Healthy,Healthy,0.0,0.0,1.0,0.0,True
ac00a5c9-0af6-4543-866a-ef4c476c3410___Mt.N.V_HL 6110.JPG,Healthy,Healthy,0.05,0.005,0.885,0.06,True
ad0a8ced-f3b0-4c21-8ec6-658bcfe9fa2a___Mt.N.V_HL 9034.JPG,Healthy,Healthy,0.0,0.0,1.0,0.0,True
b07129a6-b8b0-4715-b76f-f89bd40c6770___Mt.N.V_HL 8994.JPG,Healthy,Healthy,0.0,0.0,1.0,0.0,True
b25497ff-4272-43e3-8ead-71b57c676529___Mt.N.V_HL 9087.JPG,Healthy,Healthy,0.025,0.0,0.965,0.01,True
b556f11d-115a-4bac-8120-05195ac42e1d___Mt.N.V_HL 9123.JPG,Healthy,Healthy,0.005,0.005,0.99,0.0,True
b7b4fb14-c350-4c88-8a2c-2e35c239af6a___Mt.N.V_HL 9051.JPG,Healthy,Healthy,0.0,0.0,1.0,0.0,True
bd7f0429-550b-4e28-95af-98e56b282437___Mt.N.V_HL 6130.JPG,Healthy,Healthy,0.005,0.0,0.995,0.0,True
c24fe968-c13f-46ca-add1-c03828f54cd3___Mt.N.V_HL 9103.JPG,Healthy,Healthy,0.0,0.0,1.0,0.0,True
ca0f32cb-25b3-4dcc-887f-fa4753c25ed5___Mt.N.V_HL 8998.JPG,Healthy,Healthy,0.01,0.0,0.99,0.0,True
cd71e97d-cc73-4fdd-b625-c735844c3ce7___Mt.N.V_HL 6185.JPG,Healthy,Healthy,0.0,0.0,1.0,0.0,True
cec7f924-af25-4461-9ef2-6a9525ac6513___Mt.N.V_HL 6029.JPG,Healthy,Healthy,0.0,0.0,1.0,0.0,True
d68b653c-4fe7-49ee-80d4-1f0c84092242___Mt.N.V_HL 6077.JPG,Healthy,Healthy,0.0,0.0,1.0,0.0,True
d7523938-e65a-469b-bf29-656e05bfde99___Mt.N.V_HL 9046.JPG,Healthy,Healthy,0.0,0.0,1.0,0.0,True
daf0e2e3-1d2b-4fcf-9dba-1ffa7605766e___Mt.N.V_HL 6210.JPG,Healthy,Healthy,0.0,0.0,0.995,0.005,True
e6073510-a72b-441c-9b8a-a2de063a54a4___Mt.N.V_HL 6093.JPG,Healthy,Healthy,0.025,0.01,0.965,0.0,True
e97052d8-edd8-4e09-bdbb-c1c312d2c833___Mt.N.V_HL 8926.JPG,Healthy,Healthy,0.005,0.0,0.995,0.0,True
eaf9de03-6ec6-453b-9cd1-38d5d3337ea3___Mt.N.V_HL 8951.JPG,Healthy,Healthy,0.0,0.0,1.0,0.0,True
ec1a4297-7055-4ff3-9635-de6f5b2b6533___Mt.N.V_HL 9013.JPG,Healthy,Healthy,0.0,0.0,1.0,0.0,True
edaa5185-4c46-42f4-98c9-cb17830c6fcf___Mt.N.V_HL 8977.JPG,Healthy,Healthy,0.005,0.015,0.975,0.005,True
f207869a-fff0-4339-9910-f381524c4599___Mt.N.V_HL 9125.JPG,Healthy,Healthy,0.035,0.01,0.955,0.0,True
f2c0965b-9c08-4e34-98e2-fbf310ae2ef8___Mt.N.V_HL 9038.JPG,Healthy,Healthy,0.0,0.0,1.0,0.0,True
f436f07c-ff87-4871-b712-5f282912f70c___Mt.N.V_HL 6180.JPG,Healthy,Healthy,0.005,0.01,0.98,0.005,True
f7c74956-3e0c-4669-b313-bf6e4559a91d___Mt.N.V_HL 9086.JPG,Healthy,Healthy,0.015,0.0,0.98,0.005,True
f8f6d1ee-deb5-4b3c-a92e-2583e2d6d590___Mt.N.V_HL 6122.JPG,Healthy,Healthy,0.035,0.01,0.94,0.015,True
fabd2864-3431-4f44-b3bf-fa3af593fe05___Mt.N.V_HL 9002.JPG,Healthy,Healthy,0.03,0.02,0.94,0.01,True
019e7c07-16e3-4584-baba-5d38defdfb2a___FAM_L.Blight 4742.JPG,Leaf_blight,Leaf_blight,0.025,0.0,0.0,0.975,True
0231ac9c-05aa-4710-8753-819c721b29b5___FAM_L.Blight 4639.JPG,Leaf_blight,Leaf_blight,0.005,0.005,0.0,0.99,True
06c943c3-7c61-46ec-a6ce-5c8f0536d2b4___FAM_L.Blight 1459.JPG,Leaf_blight,Black_rot,0.52,0.045,0.0,0.435,False
0771072b-cb0a-4ce9-b18a-cb9c654355e5___FAM_L.Blight 3752.JPG,Leaf_blight,Leaf_blight,0.0,0.0,0.0,1.0,True
09fa9fa8-7274-4abb-a999-3ba8999af0a9___FAM_L.Blight 1584.JPG,Leaf_blight,Leaf_blight,0.0,0.0,0.0,1.0,True
0bdc5e46-cdfc-4e14-910a-dbdb3841634d___FAM_L.Blight 4784.JPG,Leaf_blight,Leaf_blight,0.0,0.01,0.01,0.98,True
0e4eb45c-721c-49ee-8df6-b4f1508bedfd___FAM_L.Blight 1533.JPG,Leaf_blight,Leaf_blight,0.195,0.045,0.015,0.745,True
10473db7-4efd-4620-80a1-7f7183b1481f___FAM_L.Blight 1578.JPG,Leaf_blight,Leaf_blight,0.025,0.03,0.0,0.945,True
10ee05f6-5440-4b66-9979-2a5491d9ebaa___FAM_L.Blight 1644.JPG,Leaf_blight,Leaf_blight,0.06,0.11,0.005,0.825,True
127bfdf9-b583-47c1-b16e-dce2f10c7a22___FAM_L.Blight 4681.JPG,Leaf_blight,Leaf_blight,0.0,0.0,0.0,1.0,True
13afc598-abaf-46a3-ab05-4681d5b9bb20___FAM_L.Blight 4841.JPG,Leaf_blight,Leaf_blight,0.0,0.005,0.005,0.99,True
14b018c3-0824-435b-8ad2-c1fc73c0ac66___FAM_L.Blight 4783.JPG,Leaf_blight,Leaf_blight,0.0,0.0,0.0,1.0,True
17369149-0cbf-433d-9e43-1d8ba375e1d4___FAM_L.Blight 3636.JPG,Leaf_blight,Leaf_blight,0.005,0.005,0.0,0.99,True
1a2da798-3f89-4379-90b0-d04951adb782___FAM_L.Blight 3645.JPG,Leaf_blight,Leaf_blight,0.17,0.105,0.075,0.65,True
1d26a7ba-5ba1-4ac0-a045-b7b6d67f1fdd___FAM_L.Blight 1531.JPG,Leaf_blight,Leaf_blight,0.155,0.03,0.01,0.805,True
1d79a268-2804-47ce-83fe-b8e3036baa2f___FAM_L.Blight 4780.JPG,Leaf_blight,Leaf_blight,0.01,0.0,0.0,0.99,True
1def114d-13d9-4e06-ad6e-556fa4137a10___FAM_L.Blight 4665.JPG,Leaf_blight,Leaf_blight,0.01,0.005,0.0,0.985,True
1ef3043c-a33f-492e-b873-9eacc52fa9c3___FAM_L.Blight 4594.JPG,Leaf_blight,Leaf_blight,0.03,0.02,0.005,0.945,True
258600e9-8638-41b2-9d83-b2cbbecda02c___FAM_L.Blight 1717.JPG,Leaf_blight,Leaf_blight,0.03,0.025,0.0,0.945,True
25e2f7a4-cf4a-4d22-8c97-46292ae6d475___FAM_L.Blight 4791.JPG,Leaf_blight,Leaf_blight,0.105,0.055,0.125,0.715,True
2647944b-ed9e-4480-aa7f-c50eff845679___FAM_L.Blight 4741.JPG,Leaf_blight,Leaf_blight,0.07,0.01,0.01,0.91,True
279adf51-210b-43af-956a-453828159707___FAM_L.Blight 3659.JPG,Leaf_blight,Leaf_blight,0.01,0.01,0.0,0.98,True
279b02e6-6c6e-43eb-abfa-171cd1bded41___FAM_L.Blight 4548.JPG,Leaf_blight,Leaf_blight,0.0,0.0,0.0,1.0,True
28cad5b8-7856-4656-81d4-060d8c1f9cda___FAM_L.Blight 3644.JPG,Leaf_blight,Leaf_blight,0.1,0.03,0.03,0.84,True
2afbac6f-081c-464d-a001-3107bf2150a6___FAM_L.Blight 1514.JPG,Leaf_blight,Leaf_blight,0.14,0.095,0.065,0.7,True
2b735e09-c466-4d1d-903c-f4ea036225fa___FAM_L.Blight 4703.JPG,Leaf_blight,Leaf_blight,0.0,0.0,0.0,1.0,True
2b82e665-b765-4514-93c9-715a2e452b34___FAM_L.Blight 0791.JPG,Leaf_blight,Black_rot,0.565,0.245,0.0,0.19,False
2bab428e-519b-4e4e-95db-45d88765a486___FAM_L.Blight 4907.JPG,Leaf_blight,Leaf_blight,0.065,0.09,0.0,0.845,True
2c278897-0113-4a1a-b243-1f44deb6e495___FAM_L.Blight 1716.JPG,Leaf_blight,Leaf_blight,0.065,0.005,0.005,0.925,True
2d17737b-862c-4818-a0e9-01846b582bc2___FAM_L.Blight 4537.JPG,Leaf_blight,Leaf_blight,0.045,0.01,0.015,0.93,True
2e37edec-4bbc-4fe1-bf5c-4cfee149adb5___FAM_L.Blight 0778.JPG,Leaf_blight,Leaf_blight,0.03,0.01,0.005,0.955,True
2f24f635-8959-4d9f-bca4-48ece412c3aa___FAM_L.Blight 3697.JPG,Leaf_blight,Leaf_blight,0.07,0.02,0.01,0.9,True
2f69212b-87c5-4d8d-8bd5-a6ecbca6f22b___FAM_L.Blight 1394.JPG,Leaf_blight,Leaf_blight,0.01,0.0,0.0,0.99,True
2ff2c091-83fe-4537-989c-bbc5fb212913___FAM_L.Blight 4956.JPG,Leaf_blight,Leaf_blight,0.0,0.0,0.0,1.0,True
309e6a97-3736-4546-b77e-8fe5b8945463___FAM_L.Blight 0806.JPG,Leaf_blight,Leaf_blight,0.005,0.0,0.005,0.99,True
32947471-dbca-4d1a-9bd2-a014ac923790___FAM_L.Blight 1621.JPG,Leaf_blight,Leaf_blight,0.0,0.0,0.0,1.0,True
337b0af5-ec5d-4935-b661-0b480caa6ea5___FAM_L.Blight 4777.JPG,Leaf_blight,Leaf_blight,0.0,0.0,0.0,1.0,True
338dd61a-290b-43e4-9f7d-022bd918aa58___FAM_L.Blight 4949.JPG,Leaf_blight,Leaf_blight,0.015,0.0,0.0,0.985,True
347efc0d-b067-4c8a-8ee9-df88b70bbe2d___FAM_L.Blight 4628.JPG,Leaf_blight,Leaf_blight,0.255,0.035,0.005,0.705,True
34abc5bd-a22d-40f3-a516-05cdf383a39b___FAM_L.Blight 3731.JPG,Leaf_blight,Leaf_blight,0.005,0.0,0.0,0.995,True
34f0c357-d210-4451-be8c-cf07215268bb___FAM_L.Blight 1478.JPG,Leaf_blight,Leaf_blight,0.21,0.115,0.005,0.67,True
35d01fef-46ec-4a5e-ba92-f2a6c0485fda___FAM_L.Blight 1625.JPG,Leaf_blight,Leaf_blight,0.0,0.0,0.0,1.0,True
380946a0-d5e4-41d5-be2a-ce4850b45506___FAM_L.Blight 4625.JPG,Leaf_blight,Leaf_blight,0.005,0.0,0.0,0.995,True
3b31ce15-2e27-4d3c-acff-bb2f72204048___FAM_L.Blight 1522.JPG,Leaf_blight,Leaf_blight,0.185,0.095,0.005,0.715,True
3b49b5f5-1066-4913-9eb4-e74b9a21af03___FAM_L.Blight 1364.JPG,Leaf_blight,Leaf_blight,0.005,0.0,0.0,0.995,True
3b8d48cf-bc06-4fd5-a35f-712519b8f7bc___FAM_L.Blight 3648.JPG,Leaf_blight,Leaf_blight,0.005,0.0,0.01,0.985,True
3bfbaac1-a8b5-447e-9845-5675b0d17ebf___FAM_L.Blight 4838.JPG,Leaf_blight,Leaf_blight,0.09,0.14,0.0,0.77,True
3ca846ab-fca5-402e-a9fd-813278dfbfe0___FAM_L.Blight 1502.JPG,Leaf_blight,Leaf_blight,0.22,0.05,0.025,0.705,True
3ce64bf3-1d54-4d8e-8f3d-c74edddbfd3d___FAM_L.Blight 4717.JPG,Leaf_blight,Leaf_blight,0.0,0.0,0.0,1.0,True
3e14eb16-4fd0-4c1f-92bb-c3efc01dc35c___FAM_L.Blight 1721.JPG,Leaf_blight,Leaf_blight,0.01,0.02,0.0,0.97,True
402e809f-6fed-46a4-bf4d-3a78431c1555___FAM_L.Blight 4577.JPG,Leaf_blight,Leaf_blight,0.015,0.06,0.0,0.925,True
411bde08-1f89-4bda-a40e-6aa7c899e97d___FAM_L.Blight 1488.JPG,Leaf_blight,Leaf_blight,0.11,0.025,0.02,0.845,True
414a0d83-ecad-424e-aa43-260fc5a45c2a___FAM_L.Blight 1697.JPG,Leaf_blight,Leaf_blight,0.0,0.0,0.0,1.0,True
4265a06b-8b7e-43ec-8fd0-7419f4ca9afd___FAM_L.Blight 4801.JPG,Leaf_blight,Leaf_blight,0.0,0.0,0.0,1.0,True
432f337d-5b28-495e-af5a-38e7f6142600___FAM_L.Blight 1587.JPG,Leaf_blight,Leaf_blight,0.0,0.0,0.0,1.0,True
46c36268-2523-4c8c-bf43-77eb11c4f5e1___FAM_L.Blight 0785.JPG,Leaf_blight,Leaf_blight,0.055,0.005,0.005,0.935,True
49dab82f-35b3-486d-94c6-cd856b44a19a___FAM_L.Blight 4812.JPG,Leaf_blight,Leaf_blight,0.005,0.005,0.02,0.97,True
49dd07b2-ae4e-4e36-928c-a5bdb4577431___FAM_L.Blight 4700.JPG,Leaf_blight,Leaf_blight,0.005,0.0,0.0,0.995,True
49e8818b-1902-4d74-9af0-b53ab83d52d0___FAM_L.Blight 4808.JPG,Leaf_blight,Leaf_blight,0.015,0.025,0.005,0.955,True
4aaa189f-d5bc-408a-9c36-13aaed174f16___FAM_L.Blight 3686.JPG,Leaf_blight,Leaf_blight,0.01,0.005,0.0,0.985,True
4b45f1a3-1227-4e76-a1a1-7998f1227d08___FAM_L.Blight 1503.JPG,Leaf_blight,Leaf_blight,0.09,0.055,0.07,0.785,True
4c08f1e5-825d-4992-8cb7-0ac1bdf38ae2___FAM_L.Blight 1604.JPG,Leaf_blight,Leaf_blight,0.0,0.0,0.01,0.99,True
4da71de7-0bd9-455e-ab4b-8459a031fcf6___FAM_L.Blight 4847.JPG,Leaf_blight,Leaf_blight,0.1,0.075,0.015,0.81,True
4fb37ee9-170c-4edf-88a1-60f2d0b245be___FAM_L.Blight 1560.JPG,Leaf_blight,Leaf_blight,0.15,0.055,0.0,0.795,True
4ffdc46e-9451-4497-9403-10671dcb4cdc___FAM_L.Blight 3788.JPG,Leaf_blight,Leaf_blight,0.03,0.0,0.0,0.97,True
51a236ae-939f-4f9e-97bf-f0ea246b637f___FAM_L.Blight 4743.JPG,Leaf_blight,Leaf_blight,0.0,0.0,0.005,0.995,True
522e6b5a-0a38-4d51-a0f5-1665f818f23e___FAM_L.Blight 1612.JPG,Leaf_blight,Leaf_blight,0.07,0.19,0.02,0.72,True
52c1cf06-9639-4877-b9e0-8579b8d85232___FAM_L.Blight 1638.JPG,Leaf_blight,Leaf_blight,0.01,0.01,0.0,0.98,True
52d309ed-a833-4def-9950-0cc29a3b5952___FAM_L.Blight 4802.JPG,Leaf_blight,Leaf_blight,0.0,0.005,0.0,0.995,True
53564db3-6a7d-48e3-9cf8-b77b48fa0502___FAM_L.Blight 1412.JPG,Leaf_blight,Leaf_blight,0.0,0.0,0.0,1.0,True
54396503-ef60-4a0b-b38c-9b041a2f9d53___FAM_L.Blight 1496.JPG,Leaf_blight,Leaf_blight,0.095,0.015,0.025,0.865,True
57f4032d-d8f1-42e9-b133-c4b07f3dedcc___FAM_L.Blight 1545.JPG,Leaf_blight,Leaf_blight,0.08,0.07,0.03,0.82,True
58d319d5-99c7-4cd1-9584-b24797c2ad8d___FAM_L.Blight 3720.JPG,Leaf_blight,Leaf_blight,0.025,0.01,0.015,0.95,True
58d47a34-17b6-42e8-a726-16e238ddf11b___FAM_L.Blight 4679.JPG,Leaf_blight,Leaf_blight,0.005,0.005,0.005,0.985,True
5926a096-60be-4f1f-bf8c-a665ab588861___FAM_L.Blight 1609.JPG,Leaf_blight,Leaf_blight,0.005,0.005,0.0,0.99,True
59f88755-a95e-42a8-b7ec-5e139d4d7d0e___FAM_L.Blight 3689.JPG,Leaf_blight,Leaf_blight,0.045,0.005,0.0,0.95,True
5a50e65a-30a7-4a66-a46a-ab43b2ac6317___FAM_L.Blight 4652.JPG,Leaf_blight,Leaf_blight,0.28,0.05,0.04,0.63,True
5acd6847-c005-4bf8-a676-80c93e802f87___FAM_L.Blight 0810.JPG,Leaf_blight,Leaf_blight,0.01,0.015,0.04,0.935,True
5ae558a8-4305-415c-9b99-3e3062011d1b___FAM_L.Blight 4904.JPG,Leaf_blight,Leaf_blight,0.05,0.07,0.0,0.88,True
5d261e2e-5541-4b94-b3d4-bce65bd7e12d___FAM_L.Blight 1679.JPG,Leaf_blight,Leaf_blight,0.025,0.03,0.01,0.935,True
5ffff25b-fcaa-4f93-ba23-9315ce5adcd6___FAM_L.Blight 1451.JPG,Leaf_blight,Leaf_blight,0.0,0.0,0.0,1.0,True
61035474-7322-4ef0-82f6-9fbc8deed18f___FAM_L.Blight 4604.JPG,Leaf_blight,Black_rot,0.885,0.065,0.0,0.05,False
61356c31-6b08-4995-a192-1d44a5d20d8e___FAM_L.Blight 3643.JPG,Leaf_blight,Leaf_blight,0.06,0.015,0.005,0.92,True
61580347-a393-4521-bec9-dc195a94b7f2___FAM_L.Blight 1468.JPG,Leaf_blight,Leaf_blight,0.285,0.115,0.0,0.6,True
6163597f-f7bc-4802-a9b8-cda506a1857a___FAM_L.Blight 1707.JPG,Leaf_blight,Leaf_blight,0.19,0.09,0.08,0.64,True
6378484e-ee1d-4d23-9fbc-4af29fb0b14b___FAM_L.Blight 1518.JPG,Leaf_blight,Leaf_blight,0.125,0.015,0.06,0.8,True
65f20309-60c7-4a2c-acbd-5ae4efcdc4ef___FAM_L.Blight 3680.JPG,Leaf_blight,Leaf_blight,0.0,0.0,0.005,0.995,True
6679c348-59cb-4732-8ae3-928451bf4b13___FAM_L.Blight 4715.JPG,Leaf_blight,Leaf_blight,0.0,0.0,0.0,1.0,True
67404133-edc0-4e07-a4ec-6bcb825e3702___FAM_L.Blight 4675.JPG,Leaf_blight,Leaf_blight,0.0,0.0,0.005,0.995,True
69a14243-b896-4910-8c9a-f96920d738d8___FAM_L.Blight 1722.JPG,Leaf_blight,Leaf_blight,0.145,0.07,0.03,0.755,True
6aee7b78-f557-4a97-bced-7f6e2c1ffae0___FAM_L.Blight 3650.JPG,Leaf_blight,Leaf_blight,0.0,0.0,0.0,1.0,True
6b7e17e8-e033-4eb5-93bc-c313fd70c8a7___FAM_L.Blight 4815.JPG,Leaf_blight,Leaf_blight,0.0,0.0,0.0,1.0,True
6bac8771-bc3c-48a6-96f9-f43994aeb832___FAM_L.Blight 3706.JPG,Leaf_blight,Leaf_blight,0.0,0.005,0.005,0.99,True
6e4d7942-a265-44b0-990e-0f3448a21f31___FAM_L.Blight 3787.JPG,Leaf_blight,Leaf_blight,0.025,0.025,0.0,0.95,True
6ef1c3be-ce3e-416a-ba51-d7b6b53d3faf___FAM_L.Blight 4969.JPG,Leaf_blight,Leaf_blight,0.04,0.02,0.0,0.94,True
6f133cb4-b5c3-4f41-a22d-59fb7ec591f0___FAM_L.Blight 4545.JPG,Leaf_blight,Leaf_blight,0.055,0.005,0.005,0.935,True
6f672efb-7502-4585-8544-facc7b82d96b___FAM_L.Blight 0796.JPG,Leaf_blight,Leaf_blight,0.005,0.0,0.0,0.995,True
7231252d-783a-4fd9-87d1-f1867b5f74c7___FAM_L.Blight 1443.JPG,Leaf_blight,Leaf_blight,0.04,0.035,0.02,0.905,True
735a324d-b956-410d-9f23-ad68fbd56b21___FAM_L.Blight 1550.JPG,Leaf_blight,Leaf_blight,0.01,0.0,0.0,0.99,True
74290c7b-f998-46b0-9681-eacb44dbb022___FAM_L.Blight 1413.JPG,Leaf_blight,Leaf_blight,0.0,0.0,0.0,1.0,True
748117e1-e645-4cc4-a8d3-b3b7f64c22cf___FAM_L.Blight 1477.JPG,Leaf_blight,Leaf_blight,0.13,0.035,0.03,0.805,True
754505a9-a4d3-4dc4-a136-b55389b80b76___FAM_L.Blight 1698.JPG,Leaf_blight,Leaf_blight,0.0,0.0,0.0,1.0,True
756bd990-15bf-447e-9e3d-3d597509a79d___FAM_L.Blight 4605.JPG,Leaf_blight,Leaf_blight,0.34,0.11,0.04,0.51,True
76e6f4da-eb1d-4af9-9bd0-75a46b9f47da___FAM_L.Blight 1589.JPG,Leaf_blight,Leaf_blight,0.035,0.105,0.0,0.86,True
791fbbb4-087e-4a00-9694-de48028f8d1f___FAM_L.Blight 4724.JPG,Leaf_blight,Leaf_blight,0.015,0.025,0.005,0.955,True
79a36ce0-653e-4607-a6ac-bfa5e0209fc2___FAM_L.Blight 4767.JPG,Leaf_blight,Leaf_blight,0.035,0.0,0.015,0.95,True
7abb01f9-fba8-4f04-a8b4-aacbe78adf77___FAM_L.Blight 4993.JPG,Leaf_blight,Leaf_blight,0.025,0.015,0.0,0.96,True
8058a339-b754-473f-8d6a-7561787ada09___FAM_L.Blight 1499.JPG,Leaf_blight,Leaf_blight,0.185,0.015,0.0,0.8,True
80a81205-f5b3-477b-b3a1-3982a8ff2435___FAM_L.Blight 0813.JPG,Leaf_blight,Leaf_blight,0.205,0.03,0.025,0.74,True
80bc3455-9ec0-4ec7-8681-10a063facbae___FAM_L.Blight 3688.JPG,Leaf_blight,Leaf_blight,0.01,0.01,0.0,0.98,True
8243e3f5-4864-4944-956c-9fdcab4b18ef___FAM_L.Blight 1548.JPG,Leaf_blight,Leaf_blight,0.0,0.0,0.0,1.0,True
836d2a24-5de9-4104-901e-ea3106ad7eb5___FAM_L.Blight 1441.JPG,Leaf_blight,Leaf_blight,0.065,0.015,0.01,0.91,True
8392a4e9-5994-4044-aebf-3a333f63fccf___FAM_L.Blight 1540.JPG,Leaf_blight,Leaf_blight,0.015,0.005,0.005,0.975,True
8436510b-4989-4f31-bd77-0e4583db26c3___FAM_L.Blight 1685.JPG,Leaf_blight,Leaf_blight,0.005,0.005,0.005,0.985,True
85b5b58b-ce03-4a10-844e-08e3b2c14d61___FAM_L.Blight 4573.JPG,Leaf_blight,Leaf_blight,0.095,0.02,0.025,0.86,True
88a40dd6-6598-4b9a-9303-4757546e3d9d___FAM_L.Blight 1583.JPG,Leaf_blight,Leaf_blight,0.0,0.0,0.0,1.0,True
89cd6ba7-d7a5-42b9-b082-4d5206ac2e28___FAM_L.Blight 4627.JPG,Leaf_blight,Leaf_blight,0.165,0.03,0.005,0.8,True
89dc7e98-963f-46e6-ada5-52f691f73cf1___FAM_L.Blight 1664.JPG,Leaf_blight,Leaf_blight,0.0,0.0,0.0,1.0,True
8d9ebabe-3872-4158-a212-71089fd3f285___FAM_L.Blight 0802.JPG,Leaf_blight,Leaf_blight,0.05,0.005,0.005,0.94,True
8e6b80f3-8faa-4703-8d62-73669c62f19b___FAM_L.Blight 1484.JPG,Leaf_blight,Leaf_blight,0.1,0.02,0.015,0.865,True
8ec33d2f-9a5e-45a8-93f3-0eed57944d7b___FAM_L.Blight 1377.JPG,Leaf_blight,Black_rot,0.55,0.185,0.02,0.245,False
8ed09c19-b193-4134-94df-b1491c5f2daf___FAM_L.Blight 4721.JPG,Leaf_blight,Leaf_blight,0.025,0.005,0.0,0.97,True
904ad76d-c2c5-43b2-a874-7b80602602d5___FAM_L.Blight 4608.JPG,Leaf_blight,Leaf_blight,0.0,0.0,0.0,1.0,True
914468c9-33f4-4da4-8eb2-23ab4225c3f5___FAM_L.Blight 4973.JPG,Leaf_blight,Leaf_blight,0.0,0.0,0.0,1.0,True
91f06eef-b307-4632-a470-99f15e05f54a___FAM_L.Blight 1485.JPG,Leaf_blight,Leaf_blight,0.11,0.06,0.105,0.725,True
92c366a7-958d-49ea-b5b7-b18373d4ea49___FAM_L.Blight 3649.JPG,Leaf_blight,Leaf_blight,0.0,0.01,0.01,0.98,True
93ceca0e-43ec-4b03-97ab-6dc037899eec___FAM_L.Blight 4510.JPG,Leaf_blight,Leaf_blight,0.01,0.005,0.0,0.985,True
996560b8-816d-486d-af99-7777c85ec89d___FAM_L.Blight 4835.JPG,Leaf_blight,Leaf_blight,0.065,0.12,0.0,0.815,True
999e3735-a305-4048-8bcf-08995660e12e___FAM_L.Blight 4535.JPG,Leaf_blight,Leaf_blight,0.025,0.0,0.0,0.975,True
9ad9a56b-ab99-4373-8aea-e8eca129c7c3___FAM_L.Blight 0808.JPG,Leaf_blight,Leaf_blight,0.025,0.005,0.005,0.965,True
9b979112-411f-4bf3-94cf-b3d99382a046___FAM_L.Blight 1495.JPG,Leaf_blight,Leaf_blight,0.025,0.02,0.025,0.93,True
9d62bde9-951a-4b1a-ac24-09131cabd8dc___FAM_L.Blight 1556.JPG,Leaf_blight,Leaf_blight,0.035,0.005,0.0,0.96,True
9e7bf72d-a42c-4d5b-974a-41cafa8ad856___FAM_L.Blight 1536.JPG,Leaf_blight,Leaf_blight,0.035,0.015,0.04,0.91,True
a01aed25-9434-4352-8d7f-eb208ac65b59___FAM_L.Blight 3729.JPG,Leaf_blight,Leaf_blight,0.035,0.04,0.005,0.92,True
a08e6727-aac8-4e31-9bc1-c687207106dd___FAM_L.Blight 3655.JPG,Leaf_blight,Leaf_blight,0.005,0.0,0.015,0.98,True
a0cf615d-82ba-4200-832b-8c35e724f7b7___FAM_L.Blight 4959.JPG,Leaf_blight,Leaf_blight,0.04,0.01,0.0,0.95,True
a2087038-2e20-4549-98bb-dd657d4a28d8___FAM_L.Blight 3743.JPG,Leaf_blight,Leaf_blight,0.005,0.0,0.0,0.995,True
a2a7d53f-b437-4b33-b57d-489cb882ceb1___FAM_L.Blight 1490.JPG,Leaf_blight,Leaf_blight,0.08,0.03,0.1,0.79,True
a3ed2570-7749-432c-971b-56c684aac305___FAM_L.Blight 4579.JPG,Leaf_blight,Leaf_blight,0.075,0.03,0.005,0.89,True
a3f8d893-6d31-4115-bd62-c6af363e8f6c___FAM_L.Blight 4760.JPG,Leaf_blight,Leaf_blight,0.035,0.005,0.025,0.935,True
a561efdd-a5af-4326-9600-861cde75b09d___FAM_L.Blight 1623.JPG,Leaf_blight,Leaf_blight,0.005,0.0,0.0,0.995,True
a806930f-9bee-4c5b-b354-bbfb2b633790___FAM_L.Blight 3666.JPG,Leaf_blight,Leaf_blight,0.09,0.09,0.005,0.815,True
a964125d-6ede-4db2-9131-23b9dabe3dc3___FAM_L.Blight 4823.JPG,Leaf_blight,Black_rot,0.435,0.065,0.075,0.425,False
aa04ad0f-141c-4e2d-b9f6-0f3899af1d40___FAM_L.Blight 0782.JPG,Leaf_blight,Leaf_blight,0.065,0.025,0.01,0.9,True
aabfd287-1fb1-4002-b193-8bcc729e1c07___FAM_L.Blight 1526.JPG,Leaf_blight,Leaf_blight,0.225,0.21,0.035,0.53,True
abc17dae-01ec-4161-84f0-6e374ef82f39___FAM_L.Blight 1369.JPG,Leaf_blight,Leaf_blight,0.065,0.005,0.015,0.915,True
abe606fb-ca07-4c09-9d41-944c717f6fc8___FAM_L.Blight 1513.JPG,Leaf_blight,Leaf_blight,0.11,0.1,0.015,0.775,True
ac025db6-6342-4dd6-9ea0-19ffc2d112ef___FAM_L.Blight 4939.JPG,Leaf_blight,Leaf_blight,0.185,0.025,0.005,0.785,True
ad9a833c-4242-4945-a92a-9d68e758ad6c___FAM_L.Blight 1544.JPG,Leaf_blight,Leaf_blight,0.12,0.08,0.025,0.775,True
af35c228-1910-47aa-acbd-6e099be38ce2___FAM_L.Blight 4928.JPG,Leaf_blight,Leaf_blight,0.015,0.0,0.0,0.985,True
af48285c-385a-473e-871b-6f2e72ae4002___FAM_L.Blight 4798.JPG,Leaf_blight,Leaf_blight,0.0,0.0,0.0,1.0,True
afa1aa52-eed2-47a3-9935-ee74531d376d___FAM_L.Blight 4572.JPG,Leaf_blight,Leaf_blight,0.075,0.0,0.01,0.915,True
b0dfd9ec-fa42-4ca4-ad8b-76be947df409___FAM_L.Blight 1683.JPG,Leaf_blight,Leaf_blight,0.0,0.0,0.0,1.0,True
b277b0c6-846c-45f5-b314-e04d965e22be___FAM_L.Blight 4996.JPG,Leaf_blight,Leaf_blight,0.035,0.025,0.0,0.94,True
b2782d03-fed9-4964-bb41-aeb868271624___FAM_L.Blight 1602.JPG,Leaf_blight,Leaf_blight,0.0,0.0,0.0,1.0,True
b42f7e3e-513e-4b66-a19a-91b1867932de___FAM_L.Blight 1361.JPG,Leaf_blight,Leaf_blight,0.005,0.0,0.0,0.995,True
b69d2a63-5035-4338-93ee-6e00d9604eab___FAM_L.Blight 3744.JPG,Leaf_blight,Leaf_blight,0.005,0.0,0.0,0.995,True
b939c614-4205-4de8-acbc-277f29375dd2___FAM_L.Blight 4602.JPG,Leaf_blight,Black_rot,0.425,0.255,0.01,0.31,False
ba1a3c37-04cd-4fbf-bac2-fecad04c3c73___FAM_L.Blight 4985.JPG,Leaf_blight,Leaf_blight,0.09,0.035,0.01,0.865,True
ba8778b1-8caf-47b6-a3c1-d0d5b259a0c0___FAM_L.Blight 1603.JPG,Leaf_blight,Leaf_blight,0.005,0.015,0.0,0.98,True
be21ce1d-836b-4977-ad51-bb20114ccd50___FAM_L.Blight 1510.JPG,Leaf_blight,Leaf_blight,0.135,0.025,0.005,0.835,True
be4475e2-a944-42de-97f2-5e88d7b3de56___FAM_L.Blight 1528.JPG,Leaf_blight,Black_rot,0.585,0.04,0.055,0.32,False
bf5d46e1-b390-4a0a-8243-1f6d928652b0___FAM_L.Blight 0779.JPG,Leaf_blight,Leaf_blight,0.03,0.02,0.015,0.935,True
bf649868-cda0-4a7b-a6ec-b12d192f3122___FAM_L.Blight 1424.JPG,Leaf_blight,Leaf_blight,0.0,0.0,0.0,1.0,True
bf72c2cd-8598-4fd3-8486-8d059aa7e84a___FAM_L.Blight 3746.JPG,Leaf_blight,Leaf_blight,0.0,0.0,0.0,1.0,True
c04e9229-715d-4991-91d3-ed6acae91326___FAM_L.Blight 4636.JPG,Leaf_blight,Leaf_blight,0.005,0.005,0.0,0.99,True
c1336a7c-701e-4455-a04c-204eadaf42c2___FAM_L.Blight 0793.JPG,Leaf_blight,Leaf_blight,0.0,0.0,0.0,1.0,True
c1c6c2d3-7d1b-409e-9069-42112567c85c___FAM_L.Blight 1731.JPG,Leaf_blight,Leaf_blight,0.0,0.0,0.0,1.0,True
c26745db-93a8-4ec5-a149-a5d60339c090___FAM_L.Blight 4846.JPG,Leaf_blight,Leaf_blight,0.1,0.045,0.025,0.83,True
c36c4484-e4bf-46ad-bdd3-b6075bc38719___FAM_L.Blight 1585.JPG,Leaf_blight,Leaf_blight,0.0,0.0,0.0,1.0,True
c4456b3d-20aa-4a42-bcfc-409891f57068___FAM_L.Blight 5007.JPG,Leaf_blight,Leaf_blight,0.06,0.02,0.0,0.92,True
c4551049-65cf-4da7-820d-e773ffa54ead___FAM_L.Blight 1607.JPG,Leaf_blight,Leaf_blight,0.0,0.0,0.0,1.0,True
c4d2c087-d73d-4e0e-9dd6-6b2da0f2faaf___FAM_L.Blight 4659.JPG,Leaf_blight,Leaf_blight,0.02,0.0,0.0,0.98,True
c550df77-b653-4415-be0a-dc04a2ad8abd___FAM_L.Blight 1616.JPG,Leaf_blight,Leaf_blight,0.155,0.045,0.025,0.775,True
c5fd9bf9-9d55-4c91-a83f-2115d4771c90___FAM_L.Blight 4527.JPG,Leaf_blight,Leaf_blight,0.01,0.005,0.0,0.985,True
c801581b-6e85-4c4e-8d0a-b9a87299a8f6___FAM_L.Blight 4660.JPG,Leaf_blight,Leaf_blight,0.015,0.005,0.005,0.975,True
c9a2c0cb-b461-437f-960d-b9475bfe3a34___FAM_L.Blight 4696.JPG,Leaf_blight,Leaf_blight,0.005,0.0,0.005,0.99,True
ca6e4a1a-f519-4cfa-b379-d21c15b21716___FAM_L.Blight 1429.JPG,Leaf_blight,Leaf_blight,0.025,0.025,0.01,0.94,True
caa24bc6-c55d-4730-856f-a397108a7887___FAM_L.Blight 4756.JPG,Leaf_blight,Leaf_blight,0.075,0.025,0.055,0.845,True
cb340afd-cfe7-47f7-84c6-28c8d4dd3166___FAM_L.Blight 0803.JPG,Leaf_blight,Leaf_blight,0.0,0.005,0.0,0.995,True
cc292d77-4144-4187-b71d-f837375a2fe6___FAM_L.Blight 4999.JPG,Leaf_blight,Leaf_blight,0.035,0.0,0.0,0.965,True
cc8ea399-d7a8-4470-850c-b8ee0ac965fd___FAM_L.Blight 1539.JPG,Leaf_blight,Leaf_blight,0.1,0.03,0.145,0.725,True
cdb32553-9038-435f-b747-a60e1641f640___FAM_L.Blight 1691.JPG,Leaf_blight,Leaf_blight,0.005,0.0,0.0,0.995,True
cf7d0e37-26c6-4b6a-a44b-d97a4a7f1b68___FAM_L.Blight 1706.JPG,Leaf_blight,Leaf_blight,0.18,0.055,0.035,0.73,True
d02f2db4-f724-4c32-b186-c63f5a49f7cc___FAM_L.Blight 1593.JPG,Leaf_blight,Leaf_blight,0.065,0.035,0.005,0.895,True
d2fd27d9-bdca-4e65-8891-adfbef5b8f1d___FAM_L.Blight 4960.JPG,Leaf_blight,Leaf_blight,0.02,0.005,0.01,0.965,True
d3d62bd0-f903-4774-82e8-f369346d402a___FAM_L.Blight 1557.JPG,Leaf_blight,Leaf_blight,0.02,0.025,0.0,0.955,True
d4c5388d-0347-4754-94ff-c54f9e3f4a49___FAM_L.Blight 1415.JPG,Leaf_blight,Leaf_blight,0.0,0.0,0.0,1.0,True
d5bcd270-8d64-4e39-b72e-0d43d4eb48d7___FAM_L.Blight 3766.JPG,Leaf_blight,Leaf_blight,0.095,0.02,0.01,0.875,True
dadd9301-137b-4845-a38b-bade89aef516___FAM_L.Blight 4953.JPG,Leaf_blight,Leaf_blight,0.015,0.015,0.0,0.97,True
dd675f69-4e2b-4d36-9aac-d0e3463cbc74___FAM_L.Blight 4736.JPG,Leaf_blight,Leaf_blight,0.0,0.005,0.0,0.995,True
ddf56736-b01a-45bd-90d8-04c8713b6dbe___FAM_L.Blight 1389.JPG,Leaf_blight,Leaf_blight,0.01,0.0,0.0,0.99,True
df3ee378-7fc4-4fec-99f9-5567dc7ff433___FAM_L.Blight 1605.JPG,Leaf_blight,Leaf_blight,0.01,0.0,0.005,0.985,True
e6e1375d-9479-4f14-8803-53fd7f926a76___FAM_L.Blight 3785.JPG,Leaf_blight,Leaf_blight,0.05,0.01,0.005,0.935,True
e8015556-3831-4558-a250-00296a0e9995___FAM_L.Blight 4981.JPG,Leaf_blight,Leaf_blight,0.035,0.0,0.0,0.965,True
e845e2f2-9ceb-4efc-a447-906efc13dedf___FAM_L.Blight 3771.JPG,Leaf_blight,Leaf_blight,0.0,0.0,0.0,1.0,True
e8ad38c3-ba28-4ce8-b034-9205dd18ee00___FAM_L.Blight 1610.JPG,Leaf_blight,Leaf_blight,0.03,0.055,0.015,0.9,True
e8ec7cf5-498b-42dc-b084-17d38d48edbe___FAM_L.Blight 4930.JPG,Leaf_blight,Leaf_blight,0.11,0.03,0.0,0.86,True
e8efb1fe-9127-466c-b7b6-419b6894f3ac___FAM_L.Blight 1686.JPG,Leaf_blight,Leaf_blight,0.0,0.02,0.0,0.98,True
e9bb7f70-2d50-4500-b068-3ac1dfd15b62___FAM_L.Blight 4970.JPG,Leaf_blight,Leaf_blight,0.08,0.035,0.0,0.885,True
eaf528ce-a6aa-4a9d-ab54-ed27c30b4078___FAM_L.Blight 4903.JPG,Leaf_blight,Leaf_blight,0.06,0.05,0.01,0.88,True
ec0d638f-53ff-44b6-bfeb-12d0188d46f3___FAM_L.Blight 4622.JPG,Leaf_blight,Leaf_blight,0.005,0.0,0.0,0.995,True
ecf52a0a-9f08-4a06-8718-844e61ba3628___FAM_L.Blight 1688.JPG,Leaf_blight,Leaf_blight,0.005,0.0,0.0,0.995,True
eded00cb-201d-41e2-88ab-11562cfb8029___FAM_L.Blight 1388.JPG,Leaf_blight,Leaf_blight,0.005,0.005,0.0,0.99,True
ee92d217-67ac-4064-a0e6-e4c84c887e4c___FAM_L.Blight 4727.JPG,Leaf_blight,Leaf_blight,0.0,0.0,0.0,1.0,True
f1ae3b07-24a3-4e55-8947-494588047851___FAM_L.Blight 4692.JPG,Leaf_blight,Leaf_blight,0.05,0.02,0.005,0.925,True
f2337879-90af-4102-8885-64bff901c181___FAM_L.Blight 1379.JPG,Leaf_blight,Black_rot,0.535,0.04,0.085,0.34,False
f3684071-c149-4b67-9b0c-6284cce6f7c4___FAM_L.Blight 1395.JPG,Leaf_blight,Leaf_blight,0.01,0.005,0.0,0.985,True
f387a6d9-a75e-4730-b6bf-99e6440ac5e6___FAM_L.Blight 1694.JPG,Leaf_blight,Leaf_blight,0.005,0.0,0.0,0.995,True
f636d153-3cbb-45e1-a691-40687e1bbe99___FAM_L.Blight 1630.JPG,Leaf_blight,Leaf_blight,0.0,0.005,0.0,0.995,True
f681ecc4-ed9e-459f-b192-75c3060fac2a___FAM_L.Blight 4986.JPG,Leaf_blight,Leaf_blight,0.06,0.02,0.005,0.915,True
f6f9087d-e3e0-4589-9235-e1920938a9f1___FAM_L.Blight 4836.JPG,Leaf_blight,Leaf_blight,0.025,0.02,0.0,0.955,True
f747c1ee-b157-4e64-a5e4-8f3ea2c7c6b5___FAM_L.Blight 4691.JPG,Leaf_blight,Leaf_blight,0.04,0.0,0.0,0.96,True
f99fb4b7-78bc-4c3a-a76b-4b25dec56864___FAM_L.Blight 3647.JPG,Leaf_blight,Leaf_blight,0.0,0.0,0.0,1.0,True
fa6d9052-fffa-4bb3-bfd8-902070e26ad7___FAM_L.Blight 4912.JPG,Leaf_blight,Leaf_blight,0.085,0.055,0.005,0.855,True
fd09dd32-0978-49d8-b1d3-77ddd59f2e92___FAM_L.Blight 1547.JPG,Leaf_blight,Leaf_blight,0.09,0.24,0.015,0.655,True
