rank_test_balanced_accuracy,mean_test_balanced_accuracy,std_test_balanced_accuracy,mean_test_accuracy,std_test_accuracy,mean_test_f1_weighted,std_test_f1_weighted,mean_test_f1_macro,std_test_f1_macro,mean_train_balanced_accuracy,std_train_balanced_accuracy,mean_fit_time,std_fit_time,mean_score_time,std_score_time,params
1,0.969673,0.00538,0.968291,0.004067,0.968297,0.004057,0.972132,0.004175,0.999944,0.000113,110.243233,0.870339,0.223267,0.022521,"{""class_weight"": ""None"", ""max_depth"": ""None"", ""max_features"": ""sqrt"", ""min_samples_leaf"": 2, ""min_samples_split"": 2, ""n_estimators"": 100}"
2,0.968506,0.004126,0.966131,0.004263,0.966134,0.004249,0.970723,0.003574,1.0,0.0,233.590271,2.030744,0.457601,0.072794,"{""class_weight"": ""None"", ""max_depth"": 20, ""max_features"": ""sqrt"", ""min_samples_leaf"": 1, ""min_samples_split"": 2, ""n_estimators"": 200}"
3,0.968398,0.003904,0.967367,0.003803,0.967374,0.003811,0.971132,0.003205,0.999943,0.000113,218.33541,6.028914,0.369084,0.106386,"{""class_weight"": ""None"", ""max_depth"": 20, ""max_features"": ""sqrt"", ""min_samples_leaf"": 2, ""min_samples_split"": 2, ""n_estimators"": 200}"
4,0.968242,0.00346,0.966441,0.00314,0.966466,0.003105,0.970406,0.003166,1.0,0.0,198.738342,1.098309,0.367101,0.061851,"{""class_weight"": ""None"", ""max_depth"": ""None"", ""max_features"": ""sqrt"", ""min_samples_leaf"": 2, ""min_samples_split"": 5, ""n_estimators"": 200}"
5,0.967975,0.006908,0.967367,0.005442,0.967393,0.005406,0.970899,0.005701,0.999887,0.000138,106.035565,0.79291,0.228571,0.07466,"{""class_weight"": ""None"", ""max_depth"": 20, ""max_features"": ""sqrt"", ""min_samples_leaf"": 2, ""min_samples_split"": 2, ""n_estimators"": 100}"
6,0.967651,0.007273,0.966131,0.006688,0.966141,0.006661,0.96998,0.00649,1.0,0.0,136.056088,5.758957,0.423839,0.220587,"{""class_weight"": ""None"", ""max_depth"": ""None"", ""max_features"": ""sqrt"", ""min_samples_leaf"": 1, ""min_samples_split"": 5, ""n_estimators"": 100}"
7,0.967618,0.001635,0.964901,0.003142,0.964917,0.00311,0.969668,0.001787,0.999944,0.000113,97.774185,0.795359,0.253025,0.103689,"{""class_weight"": ""None"", ""max_depth"": ""None"", ""max_features"": ""sqrt"", ""min_samples_leaf"": 2, ""min_samples_split"": 5, ""n_estimators"": 100}"
8,0.967365,0.001798,0.964593,0.003516,0.964625,0.003474,0.969455,0.002037,0.999944,0.000113,117.111581,1.136053,0.191023,0.037368,"{""class_weight"": ""None"", ""max_depth"": 20, ""max_features"": ""sqrt"", ""min_samples_leaf"": 2, ""min_samples_split"": 5, ""n_estimators"": 100}"
9,0.967201,0.002668,0.966442,0.00297,0.966451,0.002981,0.97012,0.002143,1.0,0.0,204.692551,4.925859,0.412675,0.095256,"{""class_weight"": ""None"", ""max_depth"": ""None"", ""max_features"": ""sqrt"", ""min_samples_leaf"": 2, ""min_samples_split"": 2, ""n_estimators"": 200}"
10,0.967122,0.007407,0.965515,0.007072,0.965522,0.007042,0.969484,0.006644,1.0,0.0,115.254675,1.14669,0.231937,0.065652,"{""class_weight"": ""None"", ""max_depth"": 20, ""max_features"": ""sqrt"", ""min_samples_leaf"": 1, ""min_samples_split"": 5, ""n_estimators"": 100}"
11,0.966869,0.005489,0.966442,0.005536,0.966464,0.005498,0.969962,0.004928,0.999529,0.000248,188.063074,1.056756,0.357481,0.065985,"{""class_weight"": ""None"", ""max_depth"": 10, ""max_features"": ""sqrt"", ""min_samples_leaf"": 2, ""min_samples_split"": 2, ""n_estimators"": 200}"
12,0.9668,0.007536,0.96644,0.004912,0.966442,0.004907,0.969888,0.005838,1.0,0.0,228.703696,2.782447,0.587422,0.225665,"{""class_weight"": ""None"", ""max_depth"": 20, ""max_features"": ""sqrt"", ""min_samples_leaf"": 1, ""min_samples_split"": 5, ""n_estimators"": 200}"
13,0.966779,0.005936,0.964903,0.006106,0.964936,0.006068,0.969261,0.005373,0.999472,0.000301,90.925927,0.394793,0.214436,0.119997,"{""class_weight"": ""None"", ""max_depth"": 10, ""max_features"": ""sqrt"", ""min_samples_leaf"": 2, ""min_samples_split"": 2, ""n_estimators"": 100}"
14,0.966535,0.003105,0.9649,0.002999,0.964904,0.002995,0.969182,0.002643,1.0,0.0,273.692474,1.078244,0.894885,0.077613,"{""class_weight"": ""None"", ""max_depth"": ""None"", ""max_features"": ""sqrt"", ""min_samples_leaf"": 1, ""min_samples_split"": 2, ""n_estimators"": 200}"
15,0.966426,0.005757,0.965209,0.003596,0.965231,0.003563,0.969246,0.004393,0.999538,0.000147,185.726882,1.661695,0.350986,0.061979,"{""class_weight"": ""None"", ""max_depth"": 10, ""max_features"": ""sqrt"", ""min_samples_leaf"": 1, ""min_samples_split"": 5, ""n_estimators"": 200}"
16,0.966095,0.003998,0.964902,0.001781,0.964933,0.001751,0.968987,0.002611,0.999529,0.000248,192.171542,1.410792,0.429603,0.048152,"{""class_weight"": ""None"", ""max_depth"": 10, ""max_features"": ""sqrt"", ""min_samples_leaf"": 2, ""min_samples_split"": 5, ""n_estimators"": 200}"
17,0.965715,0.009166,0.964901,0.006423,0.96493,0.006385,0.968729,0.007381,0.999538,0.000147,89.64733,1.991813,0.228621,0.056781,"{""class_weight"": ""None"", ""max_depth"": 10, ""max_features"": ""sqrt"", ""min_samples_leaf"": 1, ""min_samples_split"": 5, ""n_estimators"": 100}"
18,0.965377,0.003327,0.96398,0.00299,0.963997,0.002989,0.968268,0.00263,0.999344,0.0004,94.013249,0.450654,0.22214,0.042586,"{""class_weight"": ""None"", ""max_depth"": 10, ""max_features"": ""sqrt"", ""min_samples_leaf"": 2, ""min_samples_split"": 5, ""n_estimators"": 100}"
19,0.965043,0.007482,0.964901,0.00571,0.964897,0.005699,0.968376,0.005987,1.0,0.0,249.625807,14.186128,0.404738,0.07399,"{""class_weight"": ""None"", ""max_depth"": ""None"", ""max_features"": ""sqrt"", ""min_samples_leaf"": 1, ""min_samples_split"": 5, ""n_estimators"": 200}"
20,0.964994,0.005103,0.964285,0.003567,0.964311,0.00354,0.967895,0.004358,0.999944,0.000113,151.22815,18.863493,0.204737,0.079833,"{""class_weight"": ""None"", ""max_depth"": 20, ""max_features"": ""sqrt"", ""min_samples_leaf"": 2, ""min_samples_split"": 5, ""n_estimators"": 200}"
21,0.964967,0.00773,0.964901,0.004714,0.964908,0.004689,0.96839,0.005802,0.999764,0.000227,181.288861,0.670353,0.449598,0.103889,"{""class_weight"": ""None"", ""max_depth"": 10, ""max_features"": ""sqrt"", ""min_samples_leaf"": 1, ""min_samples_split"": 2, ""n_estimators"": 200}"
22,0.964364,0.007306,0.96459,0.006102,0.964616,0.006099,0.967915,0.006265,1.0,0.0,113.731871,1.721123,0.230366,0.098219,"{""class_weight"": ""None"", ""max_depth"": 20, ""max_features"": ""sqrt"", ""min_samples_leaf"": 1, ""min_samples_split"": 2, ""n_estimators"": 100}"
23,0.963413,0.006366,0.963053,0.003525,0.963069,0.003503,0.966854,0.004608,0.999708,0.000264,92.906881,2.303426,0.174282,0.01656,"{""class_weight"": ""None"", ""max_depth"": 10, ""max_features"": ""sqrt"", ""min_samples_leaf"": 1, ""min_samples_split"": 2, ""n_estimators"": 100}"
24,0.962152,0.006534,0.963052,0.005778,0.963096,0.005784,0.966152,0.005817,1.0,0.0,130.404112,1.149326,0.747151,0.084844,"{""class_weight"": ""None"", ""max_depth"": ""None"", ""max_features"": ""sqrt"", ""min_samples_leaf"": 1, ""min_samples_split"": 2, ""n_estimators"": 100}"
